location,section,column_header,pii_type,detector,confidence,start,end,original,surrogate
paragraph 11,KSH INTERNATIONAL LIMITED CORPORATE IDENTITY NUMBER: U28129PN1979PLC141032,,ORGANIZATION,gazetteer.sweep+organization.suffix,0.97,0,25,KSH INTERNATIONAL LIMITED,KAILASH CABLES LIMITED
paragraph 11,KSH INTERNATIONAL LIMITED CORPORATE IDENTITY NUMBER: U28129PN1979PLC141032,,NATIONAL_ID,gazetteer.sweep+national_id.rules,1.00,53,74,U28129PN1979PLC141032,U21086MP1992HAD368697
"table 0, row 1, col 0",KSH INTERNATIONAL LIMITED CORPORATE IDENTITY NUMBER: U28129PN1979PLC141032,REGISTERED OFFICE,ADDRESS,address.anchored+gazetteer.sweep,0.95,0,73,"11/3, 11/4 and 11/5 Village Birdewadi Chakan Taluka - Khed Pune – 410 501","413, Prakash Towers, Shivgarh – 592 057"
"table 0, row 1, col 1",KSH INTERNATIONAL LIMITED CORPORATE IDENTITY NUMBER: U28129PN1979PLC141032,CORPORATE OFFICE,ADDRESS,address.anchored+gazetteer.sweep,0.95,0,78,"201, Tower 2, Montreal Business Centre, Off Pallod Farms, Baner Pune – 411 045","435, Prakash Society, Lakshmi Marg, Chitrakoot, Rajgad Colony, Balbhadra – 497 426"
"table 0, row 1, col 2",KSH INTERNATIONAL LIMITED CORPORATE IDENTITY NUMBER: U28129PN1979PLC141032,CONTACT PERSON,PERSON,gazetteer.sweep+person.hybrid,0.95,1,18,Sarthak Malvadkar,Jeet Vohra
"table 0, row 1, col 4",KSH INTERNATIONAL LIMITED CORPORATE IDENTITY NUMBER: U28129PN1979PLC141032,E-MAIL AND TELEPHONE,EMAIL,email.regex+gazetteer.sweep,1.00,8,39,cs.connect@kshinternational.com,cs.connect@example.com
"table 0, row 1, col 4",KSH INTERNATIONAL LIMITED CORPORATE IDENTITY NUMBER: U28129PN1979PLC141032,E-MAIL AND TELEPHONE,PHONE,phone.pattern,1.00,51,67,+ 91 20 45053237,+ 91 54 70310756
"table 0, row 1, col 6",KSH INTERNATIONAL LIMITED CORPORATE IDENTITY NUMBER: U28129PN1979PLC141032,WEBSITE,URL,gazetteer.sweep+url.regex,1.00,1,26,www.kshinternational. com,www.kailash.example
"table 0, row 2, col 0",KSH INTERNATIONAL LIMITED CORPORATE IDENTITY NUMBER: U28129PN1979PLC141032,REGISTERED OFFICE,PERSON,gazetteer.sweep+person.hybrid,0.98,15,36,KUSHAL SUBBAYYA HEGDE,SAMAR SAMI BARAD
"table 0, row 2, col 0",KSH INTERNATIONAL LIMITED CORPORATE IDENTITY NUMBER: U28129PN1979PLC141032,REGISTERED OFFICE,PERSON,gazetteer.sweep+person.hybrid,0.98,38,57,PUSHPA KUSHAL HEGDE,ATHARV AGARWAL DESHMUKH
"table 0, row 2, col 0",KSH INTERNATIONAL LIMITED CORPORATE IDENTITY NUMBER: U28129PN1979PLC141032,REGISTERED OFFICE,PERSON,gazetteer.sweep+person.hybrid,0.98,59,78,RAJESH KUSHAL HEGDE,NOAH DEEP PALLA
"table 0, row 2, col 0",KSH INTERNATIONAL LIMITED CORPORATE IDENTITY NUMBER: U28129PN1979PLC141032,REGISTERED OFFICE,PERSON,gazetteer.sweep+person.hybrid,0.98,80,98,ROHIT KUSHAL HEGDE,KAMYA NAIR VARTY
"table 0, row 2, col 0",KSH INTERNATIONAL LIMITED CORPORATE IDENTITY NUMBER: U28129PN1979PLC141032,REGISTERED OFFICE,PERSON,gazetteer.sweep+person.hybrid,0.98,100,119,RAKHI GIRIJA SHETTY,CHANAKYA DEEP RAMASWAMY
"table 0, row 2, col 0",KSH INTERNATIONAL LIMITED CORPORATE IDENTITY NUMBER: U28129PN1979PLC141032,REGISTERED OFFICE,ORGANIZATION,gazetteer.sweep+organization.suffix,0.97,121,144,DHAULAGIRI FAMILY TRUST,STORMCREST FAMILY TRUST
"table 0, row 2, col 0",KSH INTERNATIONAL LIMITED CORPORATE IDENTITY NUMBER: U28129PN1979PLC141032,REGISTERED OFFICE,ORGANIZATION,gazetteer.sweep+organization.suffix,0.97,146,166,EVEREST FAMILY TRUST,SUNMANTLE FAMILY TRUST
"table 0, row 2, col 0",KSH INTERNATIONAL LIMITED CORPORATE IDENTITY NUMBER: U28129PN1979PLC141032,REGISTERED OFFICE,ORGANIZATION,gazetteer.sweep+organization.suffix,0.97,168,187,MAKALU FAMILY TRUST,MOONSCARP FAMILY TRUST
"table 0, row 2, col 0",KSH INTERNATIONAL LIMITED CORPORATE IDENTITY NUMBER: U28129PN1979PLC141032,REGISTERED OFFICE,ORGANIZATION,gazetteer.sweep+organization.suffix,0.97,189,207,BROAD FAMILY TRUST,FROSTSPIRE FAMILY TRUST
"table 0, row 2, col 0",KSH INTERNATIONAL LIMITED CORPORATE IDENTITY NUMBER: U28129PN1979PLC141032,REGISTERED OFFICE,ORGANIZATION,gazetteer.sweep+organization.suffix,0.97,209,231,ANNAPURNA FAMILY TRUST,WINDHOLLOW FAMILY TRUST
"table 0, row 2, col 0",KSH INTERNATIONAL LIMITED CORPORATE IDENTITY NUMBER: U28129PN1979PLC141032,REGISTERED OFFICE,ORGANIZATION,gazetteer.sweep+organization.suffix,0.97,233,258,KANCHENJUNGA FAMILY TRUST,GLASSCAIRN FAMILY TRUST
"table 0, row 2, col 0",KSH INTERNATIONAL LIMITED CORPORATE IDENTITY NUMBER: U28129PN1979PLC141032,REGISTERED OFFICE,ORGANIZATION,gazetteer.sweep+organization.suffix,0.97,263,306,WATERLOO INDUSTRIAL PARK VI PRIVATE LIMITED,GIRISH CAPITAL SYSTEMS FINANCIAL PRIVATE LIMITED
"table 0, row 8, col 0",KSH INTERNATIONAL LIMITED CORPORATE IDENTITY NUMBER: U28129PN1979PLC141032,REGISTERED OFFICE,PERSON,gazetteer.sweep+person.hybrid,0.95,0,21,Kushal Subbayya Hegde,Samar Sami Barad
"table 0, row 9, col 0",KSH INTERNATIONAL LIMITED CORPORATE IDENTITY NUMBER: U28129PN1979PLC141032,REGISTERED OFFICE,PERSON,gazetteer.sweep,0.95,0,19,Pushpa Kushal Hegde,Atharv Agarwal Deshmukh
"table 0, row 10, col 0",KSH INTERNATIONAL LIMITED CORPORATE IDENTITY NUMBER: U28129PN1979PLC141032,REGISTERED OFFICE,PERSON,gazetteer.sweep+person.hybrid,0.95,0,19,Rajesh Kushal Hegde,Noah Deep Palla
"table 0, row 11, col 0",KSH INTERNATIONAL LIMITED CORPORATE IDENTITY NUMBER: U28129PN1979PLC141032,REGISTERED OFFICE,PERSON,gazetteer.sweep+person.hybrid,0.95,0,18,Rohit Kushal Hegde,Kamya Nair Varty
"table 0, row 12, col 0",KSH INTERNATIONAL LIMITED CORPORATE IDENTITY NUMBER: U28129PN1979PLC141032,REGISTERED OFFICE,ORGANIZATION,gazetteer.sweep+organization.suffix,0.97,17,37,Kirtane & Pandit LLP,Northmoor Capital Foundry LLP
"table 1, row 7, col 7",KSH INTERNATIONAL LIMITED CORPORATE IDENTITY NUMBER: U28129PN1979PLC141032,"India (“SEBI”), nor does SEBI guarantee the accuracy or adequacy of the contents of this Red Herring Prospectus. Specific attention of the investors is invited to “Risk Factors” on page 28.",EMAIL,email.regex+gazetteer.sweep,1.00,7,25,ksh.ipo@nuvama.com,kailash.ipo@example.com
"table 1, row 7, col 7",KSH INTERNATIONAL LIMITED CORPORATE IDENTITY NUMBER: U28129PN1979PLC141032,"India (“SEBI”), nor does SEBI guarantee the accuracy or adequacy of the contents of this Red Herring Prospectus. Specific attention of the investors is invited to “Risk Factors” on page 28.",PHONE,phone.pattern,1.00,37,53,+91 22 4009 4400,+91 92 4998 4022
"table 1, row 8, col 3",KSH INTERNATIONAL LIMITED CORPORATE IDENTITY NUMBER: U28129PN1979PLC141032,"India (“SEBI”), nor does SEBI guarantee the accuracy or adequacy of the contents of this Red Herring Prospectus. Specific attention of the investors is invited to “Risk Factors” on page 28.",PERSON,gazetteer.sweep+person.hybrid,0.95,1,15,Kishan Rastogi,Janaki Dara
"table 1, row 8, col 3",KSH INTERNATIONAL LIMITED CORPORATE IDENTITY NUMBER: U28129PN1979PLC141032,"India (“SEBI”), nor does SEBI guarantee the accuracy or adequacy of the contents of this Red Herring Prospectus. Specific attention of the investors is invited to “Risk Factors” on page 28.",PERSON,gazetteer.sweep,0.95,17,30,Abhijit Diwan,Oeshi Deep
"table 1, row 8, col 7",KSH INTERNATIONAL LIMITED CORPORATE IDENTITY NUMBER: U28129PN1979PLC141032,"India (“SEBI”), nor does SEBI guarantee the accuracy or adequacy of the contents of this Red Herring Prospectus. Specific attention of the investors is invited to “Risk Factors” on page 28.",EMAIL,email.regex+gazetteer.sweep,1.00,8,31,ksh@icicisecurities.com,kailash@example.com
"table 1, row 8, col 7",KSH INTERNATIONAL LIMITED CORPORATE IDENTITY NUMBER: U28129PN1979PLC141032,"India (“SEBI”), nor does SEBI guarantee the accuracy or adequacy of the contents of this Red Herring Prospectus. Specific attention of the investors is invited to “Risk Factors” on page 28.",PHONE,phone.pattern,1.00,43,59,+91 22 6807 7100,+91 45 2456 6350
"table 1, row 11, col 0",KSH INTERNATIONAL LIMITED CORPORATE IDENTITY NUMBER: U28129PN1979PLC141032,"India (“SEBI”), nor does SEBI guarantee the accuracy or adequacy of the contents of this Red Herring Prospectus. Specific attention of the investors is invited to “Risk Factors” on page 28.",ORGANIZATION,gazetteer.sweep+organization.suffix,0.97,0,33,MUFG Intime India Private Limited,Thornleigh Magnetics Fabrication Private Limited
"table 1, row 11, col 0",KSH INTERNATIONAL LIMITED CORPORATE IDENTITY NUMBER: U28129PN1979PLC141032,"India (“SEBI”), nor does SEBI guarantee the accuracy or adequacy of the contents of this Red Herring Prospectus. Specific attention of the investors is invited to “Risk Factors” on page 28.",ORGANIZATION,gazetteer.sweep+organization.suffix,0.97,44,77,Link Intime India Private Limited,Lavanya Energy Renewables Private Limited
"table 1, row 11, col 1",KSH INTERNATIONAL LIMITED CORPORATE IDENTITY NUMBER: U28129PN1979PLC141032,"India (“SEBI”), nor does SEBI guarantee the accuracy or adequacy of the contents of this Red Herring Prospectus. Specific attention of the investors is invited to “Risk Factors” on page 28.",PERSON,gazetteer.sweep+person.hybrid,0.95,0,20,Shanti Gopalkrishnan,Balveer Suresh
"table 1, row 11, col 3",KSH INTERNATIONAL LIMITED CORPORATE IDENTITY NUMBER: U28129PN1979PLC141032,"India (“SEBI”), nor does SEBI guarantee the accuracy or adequacy of the contents of this Red Herring Prospectus. Specific attention of the investors is invited to “Risk Factors” on page 28.",PHONE,phone.pattern,1.00,11,26,+91 81081 14949,+91 96185 43063
"table 1, row 11, col 3",KSH INTERNATIONAL LIMITED CORPORATE IDENTITY NUMBER: U28129PN1979PLC141032,"India (“SEBI”), nor does SEBI guarantee the accuracy or adequacy of the contents of this Red Herring Prospectus. Specific attention of the investors is invited to “Risk Factors” on page 28.",EMAIL,email.regex+gazetteer.sweep,1.00,35,72,kshinternational.ipo@in.mpms.mufg.com,chopra.ipo@example.com
paragraph 23,KSH INTERNATIONAL LIMITED,,ORGANIZATION,gazetteer.sweep+organization.suffix,0.97,0,25,KSH INTERNATIONAL LIMITED,KAILASH CABLES LIMITED
paragraph 24,KSH INTERNATIONAL LIMITED,,ORGANIZATION,gazetteer.sweep+organization.suffix,0.97,44,84,Bhandary Metal Extrusion Private Limited,Jagdev Systems Trading Private Limited
paragraph 24,KSH INTERNATIONAL LIMITED,,ORGANIZATION,gazetteer.sweep+organization.suffix,0.97,316,356,Bhandary Metal Extrusion Private Limited,Jagdev Systems Trading Private Limited
paragraph 24,KSH INTERNATIONAL LIMITED,,ORGANIZATION,gazetteer.sweep+organization.suffix,0.97,362,395,KSH International Private Limited,Bhaskar Infrastructure Private Limited
paragraph 24,KSH INTERNATIONAL LIMITED,,ORGANIZATION,gazetteer.sweep+organization.suffix,0.97,1529,1554,KSH International Limited,Kailash Cables Limited
paragraph 25,KSH INTERNATIONAL LIMITED,,NATIONAL_ID,gazetteer.sweep+national_id.rules,1.00,27,48,U28129PN1979PLC141032,U21086MP1992HAD368697
paragraph 26,KSH INTERNATIONAL LIMITED,,ADDRESS,address.anchored+gazetteer.sweep,0.95,19,115,"11/3, 11/4 and 11/5, Village Birdewadi, Chakan Taluka - Khed, Pune – 410 501, Maharashtra, India","377, Kamal Enclave, Nandan Marg, Gokhalewadi, Navrangwadi, Tarunagar, Jamnagar – 658 926, Rajasthan, India"
paragraph 27,KSH INTERNATIONAL LIMITED,,ADDRESS,address.anchored+gazetteer.sweep,0.95,18,117,"201, Tower 2, Montreal Business Centre, Off Pallod Farms, Baner, Pune – 411 045, Maharashtra, India","324, Sagar Chambers, Ganga Road, Tarunagar, Kalpataru Nagar, Jalvihar, Shivgarh – 270 629, Rajasthan, India"
paragraph 28,KSH INTERNATIONAL LIMITED,,PERSON,gazetteer.sweep+person.hybrid,0.98,16,33,Sarthak Malvadkar,Jeet Vohra
paragraph 28,KSH INTERNATIONAL LIMITED,,PHONE,phone.pattern,1.00,88,105,+ 91 20 4505 3237,+ 91 58 6037 1919
paragraph 29,KSH INTERNATIONAL LIMITED,,EMAIL,email.regex+gazetteer.sweep,1.00,8,39,cs.connect@kshinternational.com,cs.connect@example.com
paragraph 29,KSH INTERNATIONAL LIMITED,,URL,gazetteer.sweep+url.regex,1.00,50,74,www.kshinternational.com,www.kailash.example
"table 2, row 0, col 0",KSH INTERNATIONAL LIMITED,,PERSON,gazetteer.sweep+person.hybrid,0.98,15,36,KUSHAL SUBBAYYA HEGDE,SAMAR SAMI BARAD
"table 2, row 0, col 0",KSH INTERNATIONAL LIMITED,,PERSON,gazetteer.sweep+person.hybrid,0.98,38,57,PUSHPA KUSHAL HEGDE,ATHARV AGARWAL DESHMUKH
"table 2, row 0, col 0",KSH INTERNATIONAL LIMITED,,PERSON,gazetteer.sweep+person.hybrid,0.98,59,78,RAJESH KUSHAL HEGDE,NOAH DEEP PALLA
"table 2, row 0, col 0",KSH INTERNATIONAL LIMITED,,PERSON,gazetteer.sweep+person.hybrid,0.98,80,98,ROHIT KUSHAL HEGDE,KAMYA NAIR VARTY
"table 2, row 0, col 0",KSH INTERNATIONAL LIMITED,,PERSON,gazetteer.sweep+person.hybrid,0.98,100,119,RAKHI GIRIJA SHETTY,CHANAKYA DEEP RAMASWAMY
"table 2, row 0, col 0",KSH INTERNATIONAL LIMITED,,ORGANIZATION,gazetteer.sweep+organization.suffix,0.97,121,144,DHAULAGIRI FAMILY TRUST,STORMCREST FAMILY TRUST
"table 2, row 0, col 0",KSH INTERNATIONAL LIMITED,,ORGANIZATION,gazetteer.sweep,0.95,146,166,"EVEREST
FAMILY TRUST",SUNMANTLE FAMILY TRUST
"table 2, row 0, col 0",KSH INTERNATIONAL LIMITED,,ORGANIZATION,gazetteer.sweep+organization.suffix,0.97,168,187,MAKALU FAMILY TRUST,MOONSCARP FAMILY TRUST
"table 2, row 0, col 0",KSH INTERNATIONAL LIMITED,,ORGANIZATION,gazetteer.sweep+organization.suffix,0.97,189,207,BROAD FAMILY TRUST,FROSTSPIRE FAMILY TRUST
"table 2, row 0, col 0",KSH INTERNATIONAL LIMITED,,ORGANIZATION,gazetteer.sweep+organization.suffix,0.97,209,231,ANNAPURNA FAMILY TRUST,WINDHOLLOW FAMILY TRUST
"table 2, row 0, col 0",KSH INTERNATIONAL LIMITED,,ORGANIZATION,gazetteer.sweep+organization.suffix,0.97,233,258,KANCHENJUNGA FAMILY TRUST,GLASSCAIRN FAMILY TRUST
"table 2, row 0, col 0",KSH INTERNATIONAL LIMITED,,ORGANIZATION,gazetteer.sweep+organization.suffix,0.97,263,306,WATERLOO INDUSTRIAL PARK VI PRIVATE LIMITED,GIRISH CAPITAL SYSTEMS FINANCIAL PRIVATE LIMITED
"table 2, row 1, col 0",KSH INTERNATIONAL LIMITED,"OUR PROMOTERS: KUSHAL SUBBAYYA HEGDE, PUSHPA KUSHAL HEGDE, RAJESH KUSHAL HEGDE, ROHIT KUSHAL HEGDE, RAKHI GIRIJA SHETTY, DHAULAGIRI FAMILY TRUST, EVEREST FAMILY TRUST, MAKALU FAMILY TRUST, BROAD FAMILY TRUST, ANNAPURNA FAMILY TRUST, KANCHENJUNGA FAMILY TRUST AND WATERLOO INDUSTRIAL PARK VI PRIVATE LIMITED",ORGANIZATION,gazetteer.sweep+organization.suffix,0.97,97,122,KSH INTERNATIONAL LIMITED,KAILASH CABLES LIMITED
"table 2, row 1, col 0",KSH INTERNATIONAL LIMITED,"OUR PROMOTERS: KUSHAL SUBBAYYA HEGDE, PUSHPA KUSHAL HEGDE, RAJESH KUSHAL HEGDE, ROHIT KUSHAL HEGDE, RAKHI GIRIJA SHETTY, DHAULAGIRI FAMILY TRUST, EVEREST FAMILY TRUST, MAKALU FAMILY TRUST, BROAD FAMILY TRUST, ANNAPURNA FAMILY TRUST, KANCHENJUNGA FAMILY TRUST AND WATERLOO INDUSTRIAL PARK VI PRIVATE LIMITED",PERSON,gazetteer.sweep+person.hybrid,0.95,635,656,KUSHAL SUBBAYYA HEGDE,SAMAR SAMI BARAD
"table 2, row 1, col 0",KSH INTERNATIONAL LIMITED,"OUR PROMOTERS: KUSHAL SUBBAYYA HEGDE, PUSHPA KUSHAL HEGDE, RAJESH KUSHAL HEGDE, ROHIT KUSHAL HEGDE, RAKHI GIRIJA SHETTY, DHAULAGIRI FAMILY TRUST, EVEREST FAMILY TRUST, MAKALU FAMILY TRUST, BROAD FAMILY TRUST, ANNAPURNA FAMILY TRUST, KANCHENJUNGA FAMILY TRUST AND WATERLOO INDUSTRIAL PARK VI PRIVATE LIMITED",PERSON,gazetteer.sweep,0.95,746,765,PUSHPA KUSHAL HEGDE,ATHARV AGARWAL DESHMUKH
"table 2, row 1, col 0",KSH INTERNATIONAL LIMITED,"OUR PROMOTERS: KUSHAL SUBBAYYA HEGDE, PUSHPA KUSHAL HEGDE, RAJESH KUSHAL HEGDE, ROHIT KUSHAL HEGDE, RAKHI GIRIJA SHETTY, DHAULAGIRI FAMILY TRUST, EVEREST FAMILY TRUST, MAKALU FAMILY TRUST, BROAD FAMILY TRUST, ANNAPURNA FAMILY TRUST, KANCHENJUNGA FAMILY TRUST AND WATERLOO INDUSTRIAL PARK VI PRIVATE LIMITED",PERSON,gazetteer.sweep+person.hybrid,0.95,853,872,RAJESH KUSHAL HEGDE,NOAH DEEP PALLA
"table 2, row 1, col 0",KSH INTERNATIONAL LIMITED,"OUR PROMOTERS: KUSHAL SUBBAYYA HEGDE, PUSHPA KUSHAL HEGDE, RAJESH KUSHAL HEGDE, ROHIT KUSHAL HEGDE, RAKHI GIRIJA SHETTY, DHAULAGIRI FAMILY TRUST, EVEREST FAMILY TRUST, MAKALU FAMILY TRUST, BROAD FAMILY TRUST, ANNAPURNA FAMILY TRUST, KANCHENJUNGA FAMILY TRUST AND WATERLOO INDUSTRIAL PARK VI PRIVATE LIMITED",PERSON,gazetteer.sweep,0.95,963,981,ROHIT KUSHAL HEGDE,KAMYA NAIR VARTY
"table 2, row 14, col 0",KSH INTERNATIONAL LIMITED,"OUR PROMOTERS: KUSHAL SUBBAYYA HEGDE, PUSHPA KUSHAL HEGDE, RAJESH KUSHAL HEGDE, ROHIT KUSHAL HEGDE, RAKHI GIRIJA SHETTY, DHAULAGIRI FAMILY TRUST, EVEREST FAMILY TRUST, MAKALU FAMILY TRUST, BROAD FAMILY TRUST, ANNAPURNA FAMILY TRUST, KANCHENJUNGA FAMILY TRUST AND WATERLOO INDUSTRIAL PARK VI PRIVATE LIMITED",ORGANIZATION,gazetteer.sweep+organization.suffix,0.97,0,32,Nuvama Wealth Management Limited,Calderstone Cables Magnetics Limited
"table 2, row 14, col 0",KSH INTERNATIONAL LIMITED,"OUR PROMOTERS: KUSHAL SUBBAYYA HEGDE, PUSHPA KUSHAL HEGDE, RAJESH KUSHAL HEGDE, ROHIT KUSHAL HEGDE, RAKHI GIRIJA SHETTY, DHAULAGIRI FAMILY TRUST, EVEREST FAMILY TRUST, MAKALU FAMILY TRUST, BROAD FAMILY TRUST, ANNAPURNA FAMILY TRUST, KANCHENJUNGA FAMILY TRUST AND WATERLOO INDUSTRIAL PARK VI PRIVATE LIMITED",ADDRESS,address.anchored+gazetteer.sweep,0.95,33,157,"801 - 804, Wing A, Building No 3, Inspire BKC, G Block, Bandra Kurla Complex, Bandra East, Mumbai 400051, Maharashtra, India","394, Lakshmi Enclave, Hemant Road, Mohanwadi, Jalvihar, Rajgad Colony, Tarunagar, Kalpataru Nagar, Sundarpeth, Tarapur - 866215, Rajasthan, India"
"table 2, row 14, col 0",KSH INTERNATIONAL LIMITED,"OUR PROMOTERS: KUSHAL SUBBAYYA HEGDE, PUSHPA KUSHAL HEGDE, RAJESH KUSHAL HEGDE, ROHIT KUSHAL HEGDE, RAKHI GIRIJA SHETTY, DHAULAGIRI FAMILY TRUST, EVEREST FAMILY TRUST, MAKALU FAMILY TRUST, BROAD FAMILY TRUST, ANNAPURNA FAMILY TRUST, KANCHENJUNGA FAMILY TRUST AND WATERLOO INDUSTRIAL PARK VI PRIVATE LIMITED",PHONE,phone.pattern,1.00,163,178,+91 22 40094400,+91 86 12873405
"table 2, row 14, col 0",KSH INTERNATIONAL LIMITED,"OUR PROMOTERS: KUSHAL SUBBAYYA HEGDE, PUSHPA KUSHAL HEGDE, RAJESH KUSHAL HEGDE, ROHIT KUSHAL HEGDE, RAKHI GIRIJA SHETTY, DHAULAGIRI FAMILY TRUST, EVEREST FAMILY TRUST, MAKALU FAMILY TRUST, BROAD FAMILY TRUST, ANNAPURNA FAMILY TRUST, KANCHENJUNGA FAMILY TRUST AND WATERLOO INDUSTRIAL PARK VI PRIVATE LIMITED",EMAIL,email.regex+gazetteer.sweep,1.00,187,205,ksh.ipo@nuvama.com,kailash.ipo@example.com
"table 2, row 14, col 0",KSH INTERNATIONAL LIMITED,"OUR PROMOTERS: KUSHAL SUBBAYYA HEGDE, PUSHPA KUSHAL HEGDE, RAJESH KUSHAL HEGDE, ROHIT KUSHAL HEGDE, RAKHI GIRIJA SHETTY, DHAULAGIRI FAMILY TRUST, EVEREST FAMILY TRUST, MAKALU FAMILY TRUST, BROAD FAMILY TRUST, ANNAPURNA FAMILY TRUST, KANCHENJUNGA FAMILY TRUST AND WATERLOO INDUSTRIAL PARK VI PRIVATE LIMITED",URL,gazetteer.sweep+url.regex,1.00,215,229,www.nuvama.com,www.calderstone.example
"table 2, row 14, col 0",KSH INTERNATIONAL LIMITED,"OUR PROMOTERS: KUSHAL SUBBAYYA HEGDE, PUSHPA KUSHAL HEGDE, RAJESH KUSHAL HEGDE, ROHIT KUSHAL HEGDE, RAKHI GIRIJA SHETTY, DHAULAGIRI FAMILY TRUST, EVEREST FAMILY TRUST, MAKALU FAMILY TRUST, BROAD FAMILY TRUST, ANNAPURNA FAMILY TRUST, KANCHENJUNGA FAMILY TRUST AND WATERLOO INDUSTRIAL PARK VI PRIVATE LIMITED",EMAIL,email.regex+gazetteer.sweep,1.00,256,285,customerservice.mb@nuvama.com,customerservice.mb@example.com
"table 2, row 14, col 0",KSH INTERNATIONAL LIMITED,"OUR PROMOTERS: KUSHAL SUBBAYYA HEGDE, PUSHPA KUSHAL HEGDE, RAJESH KUSHAL HEGDE, ROHIT KUSHAL HEGDE, RAKHI GIRIJA SHETTY, DHAULAGIRI FAMILY TRUST, EVEREST FAMILY TRUST, MAKALU FAMILY TRUST, BROAD FAMILY TRUST, ANNAPURNA FAMILY TRUST, KANCHENJUNGA FAMILY TRUST AND WATERLOO INDUSTRIAL PARK VI PRIVATE LIMITED",PERSON,gazetteer.sweep+person.hybrid,0.98,302,313,Lokesh Shah,Janaki Sawhney
"table 2, row 14, col 0",KSH INTERNATIONAL LIMITED,"OUR PROMOTERS: KUSHAL SUBBAYYA HEGDE, PUSHPA KUSHAL HEGDE, RAJESH KUSHAL HEGDE, ROHIT KUSHAL HEGDE, RAKHI GIRIJA SHETTY, DHAULAGIRI FAMILY TRUST, EVEREST FAMILY TRUST, MAKALU FAMILY TRUST, BROAD FAMILY TRUST, ANNAPURNA FAMILY TRUST, KANCHENJUNGA FAMILY TRUST AND WATERLOO INDUSTRIAL PARK VI PRIVATE LIMITED",PERSON,gazetteer.sweep+person.hybrid,0.98,315,329,Soumavo Sarkar,Darpan Narayanan
"table 2, row 14, col 0",KSH INTERNATIONAL LIMITED,"OUR PROMOTERS: KUSHAL SUBBAYYA HEGDE, PUSHPA KUSHAL HEGDE, RAJESH KUSHAL HEGDE, ROHIT KUSHAL HEGDE, RAKHI GIRIJA SHETTY, DHAULAGIRI FAMILY TRUST, EVEREST FAMILY TRUST, MAKALU FAMILY TRUST, BROAD FAMILY TRUST, ANNAPURNA FAMILY TRUST, KANCHENJUNGA FAMILY TRUST AND WATERLOO INDUSTRIAL PARK VI PRIVATE LIMITED",NATIONAL_ID,gazetteer.sweep+national_id.rules,1.00,356,368,INM000013004,ORK366788404
"table 2, row 14, col 2",KSH INTERNATIONAL LIMITED,"OUR PROMOTERS: KUSHAL SUBBAYYA HEGDE, PUSHPA KUSHAL HEGDE, RAJESH KUSHAL HEGDE, ROHIT KUSHAL HEGDE, RAKHI GIRIJA SHETTY, DHAULAGIRI FAMILY TRUST, EVEREST FAMILY TRUST, MAKALU FAMILY TRUST, BROAD FAMILY TRUST, ANNAPURNA FAMILY TRUST, KANCHENJUNGA FAMILY TRUST AND WATERLOO INDUSTRIAL PARK VI PRIVATE LIMITED",ORGANIZATION,gazetteer.sweep+organization.suffix,0.97,0,24,ICICI Securities Limited,Brightvale Wealth Limited
"table 2, row 14, col 2",KSH INTERNATIONAL LIMITED,"OUR PROMOTERS: KUSHAL SUBBAYYA HEGDE, PUSHPA KUSHAL HEGDE, RAJESH KUSHAL HEGDE, ROHIT KUSHAL HEGDE, RAKHI GIRIJA SHETTY, DHAULAGIRI FAMILY TRUST, EVEREST FAMILY TRUST, MAKALU FAMILY TRUST, BROAD FAMILY TRUST, ANNAPURNA FAMILY TRUST, KANCHENJUNGA FAMILY TRUST AND WATERLOO INDUSTRIAL PARK VI PRIVATE LIMITED",ADDRESS,address.anchored+gazetteer.sweep,0.95,25,115,"ICICI Venture House, Appasaheb Marathe Marg, Prabhadevi, Mumbai 400025, Maharashtra, India","240, Ganga Society, Chandra Road, Jalvihar, Anandpura, Vikrampur - 842671, Telangana, India"
"table 2, row 14, col 2",KSH INTERNATIONAL LIMITED,"OUR PROMOTERS: KUSHAL SUBBAYYA HEGDE, PUSHPA KUSHAL HEGDE, RAJESH KUSHAL HEGDE, ROHIT KUSHAL HEGDE, RAKHI GIRIJA SHETTY, DHAULAGIRI FAMILY TRUST, EVEREST FAMILY TRUST, MAKALU FAMILY TRUST, BROAD FAMILY TRUST, ANNAPURNA FAMILY TRUST, KANCHENJUNGA FAMILY TRUST AND WATERLOO INDUSTRIAL PARK VI PRIVATE LIMITED",PHONE,phone.pattern,1.00,121,137,+91 22 6807 7100,+91 45 2456 6350
"table 2, row 14, col 2",KSH INTERNATIONAL LIMITED,"OUR PROMOTERS: KUSHAL SUBBAYYA HEGDE, PUSHPA KUSHAL HEGDE, RAJESH KUSHAL HEGDE, ROHIT KUSHAL HEGDE, RAKHI GIRIJA SHETTY, DHAULAGIRI FAMILY TRUST, EVEREST FAMILY TRUST, MAKALU FAMILY TRUST, BROAD FAMILY TRUST, ANNAPURNA FAMILY TRUST, KANCHENJUNGA FAMILY TRUST AND WATERLOO INDUSTRIAL PARK VI PRIVATE LIMITED",EMAIL,email.regex+gazetteer.sweep,1.00,146,169,ksh@icicisecurities.com,kailash@example.com
"table 2, row 14, col 2",KSH INTERNATIONAL LIMITED,"OUR PROMOTERS: KUSHAL SUBBAYYA HEGDE, PUSHPA KUSHAL HEGDE, RAJESH KUSHAL HEGDE, ROHIT KUSHAL HEGDE, RAKHI GIRIJA SHETTY, DHAULAGIRI FAMILY TRUST, EVEREST FAMILY TRUST, MAKALU FAMILY TRUST, BROAD FAMILY TRUST, ANNAPURNA FAMILY TRUST, KANCHENJUNGA FAMILY TRUST AND WATERLOO INDUSTRIAL PARK VI PRIVATE LIMITED",URL,gazetteer.sweep+url.regex,1.00,179,202,www.icicisecurities.com,www.zephyrline.example
"table 2, row 14, col 2",KSH INTERNATIONAL LIMITED,"OUR PROMOTERS: KUSHAL SUBBAYYA HEGDE, PUSHPA KUSHAL HEGDE, RAJESH KUSHAL HEGDE, ROHIT KUSHAL HEGDE, RAKHI GIRIJA SHETTY, DHAULAGIRI FAMILY TRUST, EVEREST FAMILY TRUST, MAKALU FAMILY TRUST, BROAD FAMILY TRUST, ANNAPURNA FAMILY TRUST, KANCHENJUNGA FAMILY TRUST AND WATERLOO INDUSTRIAL PARK VI PRIVATE LIMITED",EMAIL,email.regex+gazetteer.sweep,1.00,229,261,customercare@icicisecurities.com,customercare@example.com
"table 2, row 14, col 2",KSH INTERNATIONAL LIMITED,"OUR PROMOTERS: KUSHAL SUBBAYYA HEGDE, PUSHPA KUSHAL HEGDE, RAJESH KUSHAL HEGDE, ROHIT KUSHAL HEGDE, RAKHI GIRIJA SHETTY, DHAULAGIRI FAMILY TRUST, EVEREST FAMILY TRUST, MAKALU FAMILY TRUST, BROAD FAMILY TRUST, ANNAPURNA FAMILY TRUST, KANCHENJUNGA FAMILY TRUST AND WATERLOO INDUSTRIAL PARK VI PRIVATE LIMITED",PERSON,gazetteer.sweep+person.hybrid,0.98,278,292,Kishan Rastogi,Janaki Dara
"table 2, row 14, col 2",KSH INTERNATIONAL LIMITED,"OUR PROMOTERS: KUSHAL SUBBAYYA HEGDE, PUSHPA KUSHAL HEGDE, RAJESH KUSHAL HEGDE, ROHIT KUSHAL HEGDE, RAKHI GIRIJA SHETTY, DHAULAGIRI FAMILY TRUST, EVEREST FAMILY TRUST, MAKALU FAMILY TRUST, BROAD FAMILY TRUST, ANNAPURNA FAMILY TRUST, KANCHENJUNGA FAMILY TRUST AND WATERLOO INDUSTRIAL PARK VI PRIVATE LIMITED",PERSON,gazetteer.sweep+person.hybrid,0.98,293,306,Abhijit Diwan,Oeshi Deep
"table 2, row 14, col 2",KSH INTERNATIONAL LIMITED,"OUR PROMOTERS: KUSHAL SUBBAYYA HEGDE, PUSHPA KUSHAL HEGDE, RAJESH KUSHAL HEGDE, ROHIT KUSHAL HEGDE, RAKHI GIRIJA SHETTY, DHAULAGIRI FAMILY TRUST, EVEREST FAMILY TRUST, MAKALU FAMILY TRUST, BROAD FAMILY TRUST, ANNAPURNA FAMILY TRUST, KANCHENJUNGA FAMILY TRUST AND WATERLOO INDUSTRIAL PARK VI PRIVATE LIMITED",NATIONAL_ID,gazetteer.sweep+national_id.rules,1.00,333,345,INM000011179,SES564177892
"table 2, row 14, col 6",KSH INTERNATIONAL LIMITED,"OUR PROMOTERS: KUSHAL SUBBAYYA HEGDE, PUSHPA KUSHAL HEGDE, RAJESH KUSHAL HEGDE, ROHIT KUSHAL HEGDE, RAKHI GIRIJA SHETTY, DHAULAGIRI FAMILY TRUST, EVEREST FAMILY TRUST, MAKALU FAMILY TRUST, BROAD FAMILY TRUST, ANNAPURNA FAMILY TRUST, KANCHENJUNGA FAMILY TRUST AND WATERLOO INDUSTRIAL PARK VI PRIVATE LIMITED",ORGANIZATION,gazetteer.sweep+organization.suffix,0.97,0,33,MUFG Intime India Private Limited,Thornleigh Magnetics Fabrication Private Limited
"table 2, row 14, col 6",KSH INTERNATIONAL LIMITED,"OUR PROMOTERS: KUSHAL SUBBAYYA HEGDE, PUSHPA KUSHAL HEGDE, RAJESH KUSHAL HEGDE, ROHIT KUSHAL HEGDE, RAKHI GIRIJA SHETTY, DHAULAGIRI FAMILY TRUST, EVEREST FAMILY TRUST, MAKALU FAMILY TRUST, BROAD FAMILY TRUST, ANNAPURNA FAMILY TRUST, KANCHENJUNGA FAMILY TRUST AND WATERLOO INDUSTRIAL PARK VI PRIVATE LIMITED",ORGANIZATION,gazetteer.sweep+organization.suffix,0.97,44,77,Link Intime India Private Limited,Lavanya Energy Renewables Private Limited
"table 2, row 14, col 6",KSH INTERNATIONAL LIMITED,"OUR PROMOTERS: KUSHAL SUBBAYYA HEGDE, PUSHPA KUSHAL HEGDE, RAJESH KUSHAL HEGDE, ROHIT KUSHAL HEGDE, RAKHI GIRIJA SHETTY, DHAULAGIRI FAMILY TRUST, EVEREST FAMILY TRUST, MAKALU FAMILY TRUST, BROAD FAMILY TRUST, ANNAPURNA FAMILY TRUST, KANCHENJUNGA FAMILY TRUST AND WATERLOO INDUSTRIAL PARK VI PRIVATE LIMITED",ADDRESS,address.anchored+gazetteer.sweep,0.95,79,174,"C-101, Embassy 247, 1st Floor, L B S Marg, Vikhroli (West), Mumbai 400083, (Maharashtra), India","75, Hemant Plaza, Ganga Cross Road, Rajgad Colony, Vidyapeeth, Devgiri, Tarapur - 114130, Telangana, India"
"table 2, row 14, col 6",KSH INTERNATIONAL LIMITED,"OUR PROMOTERS: KUSHAL SUBBAYYA HEGDE, PUSHPA KUSHAL HEGDE, RAJESH KUSHAL HEGDE, ROHIT KUSHAL HEGDE, RAKHI GIRIJA SHETTY, DHAULAGIRI FAMILY TRUST, EVEREST FAMILY TRUST, MAKALU FAMILY TRUST, BROAD FAMILY TRUST, ANNAPURNA FAMILY TRUST, KANCHENJUNGA FAMILY TRUST AND WATERLOO INDUSTRIAL PARK VI PRIVATE LIMITED",PHONE,phone.pattern,1.00,180,195,+91 81081 14949,+91 96185 43063
"table 2, row 14, col 6",KSH INTERNATIONAL LIMITED,"OUR PROMOTERS: KUSHAL SUBBAYYA HEGDE, PUSHPA KUSHAL HEGDE, RAJESH KUSHAL HEGDE, ROHIT KUSHAL HEGDE, RAKHI GIRIJA SHETTY, DHAULAGIRI FAMILY TRUST, EVEREST FAMILY TRUST, MAKALU FAMILY TRUST, BROAD FAMILY TRUST, ANNAPURNA FAMILY TRUST, KANCHENJUNGA FAMILY TRUST AND WATERLOO INDUSTRIAL PARK VI PRIVATE LIMITED",EMAIL,email.regex+gazetteer.sweep,1.00,204,241,kshinternational.ipo@in.mpms.mufg.com,chopra.ipo@example.com
"table 2, row 14, col 6",KSH INTERNATIONAL LIMITED,"OUR PROMOTERS: KUSHAL SUBBAYYA HEGDE, PUSHPA KUSHAL HEGDE, RAJESH KUSHAL HEGDE, ROHIT KUSHAL HEGDE, RAKHI GIRIJA SHETTY, DHAULAGIRI FAMILY TRUST, EVEREST FAMILY TRUST, MAKALU FAMILY TRUST, BROAD FAMILY TRUST, ANNAPURNA FAMILY TRUST, KANCHENJUNGA FAMILY TRUST AND WATERLOO INDUSTRIAL PARK VI PRIVATE LIMITED",URL,gazetteer.sweep+url.regex,1.00,251,271,www.in.mpms.mufg.com,www.chandrika.example
"table 2, row 14, col 6",KSH INTERNATIONAL LIMITED,"OUR PROMOTERS: KUSHAL SUBBAYYA HEGDE, PUSHPA KUSHAL HEGDE, RAJESH KUSHAL HEGDE, ROHIT KUSHAL HEGDE, RAKHI GIRIJA SHETTY, DHAULAGIRI FAMILY TRUST, EVEREST FAMILY TRUST, MAKALU FAMILY TRUST, BROAD FAMILY TRUST, ANNAPURNA FAMILY TRUST, KANCHENJUNGA FAMILY TRUST AND WATERLOO INDUSTRIAL PARK VI PRIVATE LIMITED",EMAIL,email.regex+gazetteer.sweep,1.00,299,336,kshinternational.ipo@in.mpms.mufg.com,chopra.ipo@example.com
"table 2, row 14, col 6",KSH INTERNATIONAL LIMITED,"OUR PROMOTERS: KUSHAL SUBBAYYA HEGDE, PUSHPA KUSHAL HEGDE, RAJESH KUSHAL HEGDE, ROHIT KUSHAL HEGDE, RAKHI GIRIJA SHETTY, DHAULAGIRI FAMILY TRUST, EVEREST FAMILY TRUST, MAKALU FAMILY TRUST, BROAD FAMILY TRUST, ANNAPURNA FAMILY TRUST, KANCHENJUNGA FAMILY TRUST AND WATERLOO INDUSTRIAL PARK VI PRIVATE LIMITED",PERSON,gazetteer.sweep+person.hybrid,0.98,353,373,Shanti Gopalkrishnan,Balveer Suresh
"table 2, row 14, col 6",KSH INTERNATIONAL LIMITED,"OUR PROMOTERS: KUSHAL SUBBAYYA HEGDE, PUSHPA KUSHAL HEGDE, RAJESH KUSHAL HEGDE, ROHIT KUSHAL HEGDE, RAKHI GIRIJA SHETTY, DHAULAGIRI FAMILY TRUST, EVEREST FAMILY TRUST, MAKALU FAMILY TRUST, BROAD FAMILY TRUST, ANNAPURNA FAMILY TRUST, KANCHENJUNGA FAMILY TRUST AND WATERLOO INDUSTRIAL PARK VI PRIVATE LIMITED",NATIONAL_ID,gazetteer.sweep+national_id.rules,1.00,400,412,INR000004058,TST664222072
paragraph 48,DEFINITIONS AND ABBREVIATIONS,,ORGANIZATION,gazetteer.sweep+organization.suffix,0.97,129,154,KSH International Limited,Kailash Cables Limited
paragraph 48,DEFINITIONS AND ABBREVIATIONS,,ADDRESS,address.anchored+gazetteer.sweep,0.95,262,358,"11/3, 11/4 and 11/5, Village Birdewadi, Chakan Taluka - Khed, Pune – 410 501, Maharashtra, India","377, Kamal Enclave, Nandan Marg, Gokhalewadi, Navrangwadi, Tarunagar, Jamnagar – 658 926, Rajasthan, India"
paragraph 48,DEFINITIONS AND ABBREVIATIONS,,ADDRESS,gazetteer.sweep,0.95,387,486,"201, Tower 2, Montreal Business Centre, Off Pallod Farms, Baner, Pune – 411 045, Maharashtra, India","324, Sagar Chambers, Ganga Road, Tarunagar, Kalpataru Nagar, Jalvihar, Shivgarh – 270 629, Rajasthan, India"
"table 3, row 1, col 1",General Terms,Description,ORGANIZATION,gazetteer.sweep+organization.suffix,0.97,0,25,KSH International Limited,Kailash Cables Limited
"table 3, row 1, col 1",General Terms,Description,ADDRESS,address.anchored+gazetteer.sweep,0.95,128,224,"11/3, 11/4 and 11/5, Village Birdewadi, Chakan Taluka - Khed, Pune – 410 501, Maharashtra, India","377, Kamal Enclave, Nandan Marg, Gokhalewadi, Navrangwadi, Tarunagar, Jamnagar – 658 926, Rajasthan, India"
"table 4, row 3, col 1",Company Related Terms,Description,ORGANIZATION,gazetteer.sweep+organization.suffix,0.97,53,73,Kirtane & Pandit LLP,Northmoor Capital Foundry LLP
"table 4, row 6, col 1",Company Related Terms,Description,ORGANIZATION,gazetteer.sweep+organization.suffix,0.97,129,172,CARE Analytics and Advisory Private Limited,Netherby Composites Logistics Insulation Private Limited
"table 4, row 6, col 1",Company Related Terms,Description,ORGANIZATION,gazetteer.sweep+organization.suffix,0.97,306,349,CARE Analytics and Advisory Private Limited,Netherby Composites Logistics Insulation Private Limited
"table 4, row 6, col 1",Company Related Terms,Description,URL,gazetteer.sweep+url.regex,1.00,456,520,https://kshinternational.com/investor-relations/industry-report/,https://kailash.example/investor-relations/industry-report/
"table 4, row 7, col 1",Company Related Terms,Description,PERSON,gazetteer.sweep+person.hybrid,0.95,58,79,Kushal Subbayya Hegde,Samar Sami Barad
"table 4, row 8, col 1",Company Related Terms,Description,PERSON,gazetteer.sweep+person.hybrid,0.95,50,65,Sandesh Bhagwat,Jagrati Agarwal
"table 4, row 9, col 1",Company Related Terms,Description,PERSON,gazetteer.sweep+person.hybrid,0.95,50,60,Amod Joshi,Dakshesh Balay
"table 4, row 10, col 1",Company Related Terms,Description,PERSON,gazetteer.sweep+person.hybrid,0.95,67,84,Sarthak Malvadkar,Jeet Vohra
"table 5, row 1, col 1",Company Related Terms,Description,ADDRESS,address.anchored+gazetteer.sweep,0.95,47,146,"201, Tower 2, Montreal Business Centre, Off Pallod Farms, Baner, Pune – 411 045, Maharashtra, India","324, Sagar Chambers, Ganga Road, Tarunagar, Kalpataru Nagar, Jalvihar, Shivgarh – 270 629, Rajasthan, India"
"table 5, row 2, col 1",Company Related Terms,Description,ORGANIZATION,gazetteer.sweep+organization.suffix,0.97,0,43,Waterloo Industrial Park VI Private Limited,Girish Capital Systems Financial Private Limited
"table 5, row 10, col 1",Company Related Terms,Description,ORGANIZATION,gazetteer.sweep+organization.suffix,0.97,18,49,Waterloo Motors Private Limited,Eastmere Analytics Private Limited
"table 5, row 10, col 1",Company Related Terms,Description,ORGANIZATION,gazetteer.sweep+organization.suffix,0.97,51,98,KSH Project Management Services Private Limited,Trentwood Fabrication Industrial Engineering Private Limited
"table 5, row 10, col 1",Company Related Terms,Description,ORGANIZATION,gazetteer.sweep,0.95,100,103,KSH,KAILASH
"table 5, row 10, col 1",Company Related Terms,Description,ORGANIZATION,gazetteer.sweep+organization.suffix,0.97,134,167,KSH Infra Park VI Private Limited,Devaki Power Financial Capital Private Limited
"table 5, row 10, col 1",Company Related Terms,Description,ORGANIZATION,gazetteer.sweep+organization.suffix,0.97,169,200,KSH Distriparks Private Limited,Stonebridge Power Private Limited
"table 5, row 10, col 1",Company Related Terms,Description,ORGANIZATION,gazetteer.sweep+organization.suffix,0.97,202,242,KSH Integrated Logistics Private Limited,Alderwick Industrial Polymers Private Limited
"table 5, row 10, col 1",Company Related Terms,Description,ORGANIZATION,gazetteer.sweep+organization.suffix,0.97,244,289,Kushal Motors and Electricals Private Limited,Harita Conductors Systems Power Private Limited
"table 5, row 10, col 1",Company Related Terms,Description,ORGANIZATION,gazetteer.sweep+organization.suffix,0.97,291,333,Waterloo Industrial Park I Private Limited,Marlowe Industrial Infrastructure Energy Private Limited
"table 5, row 10, col 1",Company Related Terms,Description,ORGANIZATION,gazetteer.sweep+organization.suffix,0.97,335,378,Waterloo Industrial Park II Private Limited,Vantage Infrastructure Industrial Consulting Private Limited
"table 5, row 10, col 1",Company Related Terms,Description,ORGANIZATION,gazetteer.sweep+organization.suffix,0.97,380,424,Waterloo Industrial Park III Private Limited,Rivermead Distriparks Composites Systems Private Limited
"table 5, row 10, col 1",Company Related Terms,Description,ORGANIZATION,gazetteer.sweep+organization.suffix,0.97,426,469,Waterloo Industrial Park IV Private Limited,Ishaan Insulation Industrial Foundry Private Limited
"table 5, row 10, col 1",Company Related Terms,Description,ORGANIZATION,gazetteer.sweep+organization.suffix,0.97,471,513,Waterloo Industrial Park V Private Limited,Aravind Insulation Distriparks Winding Private Limited
"table 5, row 10, col 1",Company Related Terms,Description,ORGANIZATION,gazetteer.sweep+organization.suffix,0.97,515,558,Waterloo Industrial Park VI Private Limited,Girish Capital Systems Financial Private Limited
"table 5, row 10, col 1",Company Related Terms,Description,ORGANIZATION,gazetteer.sweep+organization.suffix,0.97,560,605,Waterloo Industrial Park VIII Private Limited,Oakhurst Distriparks Fabrication Markets Private Limited
"table 5, row 10, col 1",Company Related Terms,Description,ORGANIZATION,gazetteer.sweep+organization.suffix,0.97,607,650,Waterloo Industrial Park IX Private Limited,Ironvale Energy Cables Analytics Private Limited
"table 5, row 10, col 1",Company Related Terms,Description,ORGANIZATION,gazetteer.sweep+organization.suffix,0.97,652,697,Waterloo Industrial Park IX B Private Limited,Granthorpe Infrastructure Winding Distriparks Financial Private Limited
"table 5, row 10, col 1",Company Related Terms,Description,ORGANIZATION,gazetteer.sweep,0.95,699,744,"Waterloo Industrial Park IX A Private
Limited",Mahadev Distriparks Alloys Conductors Foundry Private Limited
"table 5, row 10, col 1",Company Related Terms,Description,ORGANIZATION,gazetteer.sweep+organization.suffix,0.97,750,783,KSH Infra Park IV Private Limited,Larkfield Infrastructure Magnetics Alloys Private Limited
"table 5, row 12, col 1",Company Related Terms,Description,PERSON,gazetteer.sweep+person.hybrid,0.95,69,93,Lalit Muljibhai Sarvaiya,Amaira Sha Raja
"table 5, row 12, col 1",Company Related Terms,Description,NATIONAL_ID,gazetteer.sweep+national_id.rules,0.95,122,130,M-140388,K-596299
"table 5, row 13, col 1",Company Related Terms,Description,ORGANIZATION,gazetteer.sweep+organization.suffix,0.97,34,77,CARE Analytics and Advisory Private Limited,Netherby Composites Logistics Insulation Private Limited
"table 5, row 15, col 1",Company Related Terms,Description,PERSON,gazetteer.sweep+person.hybrid,0.95,50,68,Rohit Kushal Hegde,Kamya Nair Varty
"table 5, row 17, col 1",Company Related Terms,Description,PERSON,gazetteer.sweep+person.hybrid,0.95,45,64,Rajesh Kushal Hegde,Noah Deep Palla
"table 5, row 22, col 1",Company Related Terms,Description,PERSON,gazetteer.sweep+person.hybrid,0.95,0,21,Kushal Subbayya Hegde,Samar Sami Barad
"table 5, row 22, col 1",Company Related Terms,Description,PERSON,gazetteer.sweep,0.95,23,42,Pushpa Kushal Hegde,Atharv Agarwal Deshmukh
"table 5, row 22, col 1",Company Related Terms,Description,ORGANIZATION,gazetteer.sweep+organization.suffix,0.97,44,62,Broad Family Trust,Frostspire Family Trust
"table 5, row 22, col 1",Company Related Terms,Description,ORGANIZATION,gazetteer.sweep+organization.suffix,0.97,67,90,Dhaulagiri Family Trust,Stormcrest Family Trust
"table 5, row 24, col 1",Company Related Terms,Description,PERSON,gazetteer.sweep+person.hybrid,0.95,0,21,Kushal Subbayya Hegde,Samar Sami Barad
"table 5, row 24, col 1",Company Related Terms,Description,PERSON,gazetteer.sweep,0.95,23,42,Pushpa Kushal Hegde,Atharv Agarwal Deshmukh
"table 5, row 24, col 1",Company Related Terms,Description,PERSON,gazetteer.sweep+person.hybrid,0.95,44,63,Rajesh Kushal Hegde,Noah Deep Palla
"table 5, row 24, col 1",Company Related Terms,Description,PERSON,gazetteer.sweep+person.hybrid,0.95,65,83,Rohit Kushal Hegde,Kamya Nair Varty
"table 5, row 24, col 1",Company Related Terms,Description,PERSON,gazetteer.sweep,0.95,88,107,Rakhi Girija Shetty,Chanakya Deep Ramaswamy
"table 5, row 24, col 1",Company Related Terms,Description,ORGANIZATION,gazetteer.sweep+organization.suffix,0.97,109,132,Dhaulagiri Family Trust,Stormcrest Family Trust
"table 5, row 24, col 1",Company Related Terms,Description,ORGANIZATION,gazetteer.sweep+organization.suffix,0.97,134,154,Everest Family Trust,Sunmantle Family Trust
"table 5, row 24, col 1",Company Related Terms,Description,ORGANIZATION,gazetteer.sweep+organization.suffix,0.97,156,175,Makalu Family Trust,Moonscarp Family Trust
"table 5, row 24, col 1",Company Related Terms,Description,ORGANIZATION,gazetteer.sweep,0.95,177,195,"Broad
Family Trust",Frostspire Family Trust
"table 5, row 24, col 1",Company Related Terms,Description,ORGANIZATION,gazetteer.sweep+organization.suffix,0.97,197,219,Annapurna Family Trust,Windhollow Family Trust
"table 5, row 24, col 1",Company Related Terms,Description,ORGANIZATION,gazetteer.sweep+organization.suffix,0.97,221,246,Kanchenjunga Family Trust,Glasscairn Family Trust
"table 5, row 24, col 1",Company Related Terms,Description,ORGANIZATION,gazetteer.sweep+organization.suffix,0.97,251,294,Waterloo Industrial Park VI Private Limited,Girish Capital Systems Financial Private Limited
"table 5, row 25, col 1",Company Related Terms,Description,PERSON,gazetteer.sweep+person.hybrid,0.95,0,21,Kushal Subbayya Hegde,Samar Sami Barad
"table 5, row 25, col 1",Company Related Terms,Description,PERSON,gazetteer.sweep,0.95,23,42,Pushpa Kushal Hegde,Atharv Agarwal Deshmukh
"table 5, row 25, col 1",Company Related Terms,Description,PERSON,gazetteer.sweep+person.hybrid,0.95,44,63,Rajesh Kushal Hegde,Noah Deep Palla
"table 5, row 25, col 1",Company Related Terms,Description,PERSON,gazetteer.sweep+person.hybrid,0.95,68,86,Rohit Kushal Hegde,Kamya Nair Varty
"table 5, row 26, col 1",Company Related Terms,Description,ORGANIZATION,gazetteer.sweep+organization.suffix,0.97,0,23,Dhaulagiri Family Trust,Stormcrest Family Trust
"table 5, row 26, col 1",Company Related Terms,Description,ORGANIZATION,gazetteer.sweep+organization.suffix,0.97,25,45,Everest Family Trust,Sunmantle Family Trust
"table 5, row 26, col 1",Company Related Terms,Description,ORGANIZATION,gazetteer.sweep+organization.suffix,0.97,47,66,Makalu Family Trust,Moonscarp Family Trust
"table 5, row 26, col 1",Company Related Terms,Description,ORGANIZATION,gazetteer.sweep+organization.suffix,0.97,68,86,Broad Family Trust,Frostspire Family Trust
"table 5, row 26, col 1",Company Related Terms,Description,ORGANIZATION,gazetteer.sweep+organization.suffix,0.97,88,110,Annapurna Family Trust,Windhollow Family Trust
"table 5, row 26, col 1",Company Related Terms,Description,ORGANIZATION,gazetteer.sweep+organization.suffix,0.97,116,141,Kanchenjunga Family Trust,Glasscairn Family Trust
"table 5, row 27, col 1",Company Related Terms,Description,PERSON,gazetteer.sweep+person.hybrid,0.95,0,19,Rajesh Kushal Hegde,Noah Deep Palla
"table 5, row 27, col 1",Company Related Terms,Description,ORGANIZATION,gazetteer.sweep+organization.suffix,0.97,70,90,Everest Family Trust,Sunmantle Family Trust
"table 5, row 28, col 1",Company Related Terms,Description,PERSON,gazetteer.sweep,0.95,0,19,Rakhi Girija Shetty,Chanakya Deep Ramaswamy
"table 5, row 28, col 1",Company Related Terms,Description,ORGANIZATION,gazetteer.sweep+organization.suffix,0.97,79,101,Annapurna Family Trust,Windhollow Family Trust
"table 5, row 29, col 1",Company Related Terms,Description,ADDRESS,address.anchored+gazetteer.sweep,0.95,48,142,"11/3, 11/4 and 11/5, Village Birdewadi, Chakan Taluka-Khed, Pune – 410 501, Maharashtra, India","177, Lakshmi Heights, Tulsi Lane, Navrangwadi, Anandpura, Tarunagar, Jamnagar – 739 265, Gujarat, India"
"table 6, row 4, col 1",Company Related Terms,Description,PERSON,gazetteer.sweep+person.hybrid,0.95,0,18,Rohit Kushal Hegde,Kamya Nair Varty
"table 6, row 4, col 1",Company Related Terms,Description,ORGANIZATION,gazetteer.sweep+organization.suffix,0.97,69,88,Makalu Family Trust,Moonscarp Family Trust
"table 6, row 5, col 1",Company Related Terms,Description,PERSON,gazetteer.sweep+person.hybrid,0.95,0,22,Sangeeta Ramprasad Rai,Samarth Mander Aggarwal
"table 6, row 5, col 1",Company Related Terms,Description,ORGANIZATION,gazetteer.sweep+organization.suffix,0.97,73,98,Kanchenjunga Family Trust,Glasscairn Family Trust
"table 6, row 11, col 1",Company Related Terms,Description,ADDRESS,address.anchored+gazetteer.sweep,0.95,38,144,"Plot No. J-25, Taloja Industrial Area, Village Padghe, Taluka Panvel, Raigad – 410 208, Maharashtra, India","75, Indira House, Ashok Road, Sundarpeth, Navrangwadi, Indrayani Nagar, Jamnagar – 223 317, Madhya Pradesh, India"
"table 6, row 12, col 1",Company Related Terms,Description,ADDRESS,address.anchored+gazetteer.sweep,0.95,38,134,"11/3, 11/4 and 11/5, Village Birdewadi, Chakan Taluka - Khed, Pune – 410 501, Maharashtra, India","377, Kamal Enclave, Nandan Marg, Gokhalewadi, Navrangwadi, Tarunagar, Jamnagar – 658 926, Rajasthan, India"
"table 6, row 13, col 1",Company Related Terms,Description,ADDRESS,address.anchored+gazetteer.sweep,0.95,38,150,"Plot No. 5, Chakan Industrial Area, Phase II, Village Khalumbre, Taluka Khed, Pune – 410 501, Maharashtra, India","34, Tulsi House, Lakshmi Road, Sundarpeth, Indrayani Nagar, Vikrampur – 127 331, Gujarat, India"
"table 9, row 6, col 1",Offer Related Terms,Description,ORGANIZATION,gazetteer.sweep+organization.suffix,0.97,52,84,Nuvama Wealth Management Limited,Calderstone Cables Magnetics Limited
"table 9, row 6, col 1",Offer Related Terms,Description,ORGANIZATION,gazetteer.sweep+organization.suffix,0.97,89,113,ICICI Securities Limited,Brightvale Wealth Limited
"table 10, row 9, col 1",Offer Related Terms,Description,ORGANIZATION,gazetteer.sweep+organization.suffix,0.97,182,199,HDFC Bank Limited,Fairholt Precision Limited
"table 10, row 18, col 0",Offer Related Terms,Term,ORGANIZATION,gazetteer.sweep+organization.suffix,0.97,0,16,ICICI Securities,Brightvale Wealth
"table 10, row 18, col 1",Offer Related Terms,Description,ORGANIZATION,gazetteer.sweep+organization.suffix,0.97,0,24,ICICI Securities Limited,Brightvale Wealth Limited
"table 10, row 20, col 1",Offer Related Terms,Description,ORGANIZATION,gazetteer.sweep+organization.suffix,0.97,84,104,CARE Ratings Limited,Uplandia Polymers Limited
"table 11, row 3, col 1",Offer Related Terms,Description,ORGANIZATION,gazetteer.sweep+organization.suffix,0.97,0,32,Nuvama Wealth Management Limited,Calderstone Cables Magnetics Limited
"table 11, row 6, col 1",Offer Related Terms,Description,PERSON,gazetteer.sweep+person.hybrid,0.95,218,239,Kushal Subbayya Hegde,Samar Sami Barad
"table 11, row 6, col 1",Offer Related Terms,Description,PERSON,gazetteer.sweep,0.95,329,348,Pushpa Kushal Hegde,Atharv Agarwal Deshmukh
"table 11, row 6, col 1",Offer Related Terms,Description,PERSON,gazetteer.sweep+person.hybrid,0.95,436,455,Rajesh Kushal Hegde,Noah Deep Palla
"table 11, row 6, col 1",Offer Related Terms,Description,PERSON,gazetteer.sweep+person.hybrid,0.95,546,564,Rohit Kushal Hegde,Kamya Nair Varty
"table 11, row 14, col 1",Offer Related Terms,Description,ORGANIZATION,gazetteer.sweep+organization.suffix,0.97,173,191,ICICI Bank Limited,Quarryhill Systems Limited
"table 12, row 3, col 1",Offer Related Terms,Description,ORGANIZATION,gazetteer.sweep+organization.suffix,0.97,153,170,HDFC Bank Limited,Fairholt Precision Limited
"table 12, row 7, col 1",Offer Related Terms,Description,ORGANIZATION,gazetteer.sweep+organization.suffix,0.97,0,33,MUFG Intime India Private Limited,Thornleigh Magnetics Fabrication Private Limited
"table 12, row 7, col 1",Offer Related Terms,Description,ORGANIZATION,gazetteer.sweep+organization.suffix,0.97,44,77,Link Intime India Private Limited,Lavanya Energy Renewables Private Limited
"table 12, row 13, col 1",Offer Related Terms,Description,ORGANIZATION,gazetteer.sweep+organization.suffix,0.97,81,114,MUFG Intime India Private Limited,Thornleigh Magnetics Fabrication Private Limited
"table 12, row 13, col 1",Offer Related Terms,Description,ORGANIZATION,gazetteer.sweep+organization.suffix,0.97,125,158,Link Intime India Private Limited,Lavanya Energy Renewables Private Limited
"table 12, row 16, col 1",Offer Related Terms,Description,ORGANIZATION,gazetteer.sweep+organization.suffix,0.97,335,352,HDFC Bank Limited,Fairholt Precision Limited
"table 12, row 16, col 1",Offer Related Terms,Description,ORGANIZATION,gazetteer.sweep+organization.suffix,0.97,357,375,ICICI Bank Limited,Quarryhill Systems Limited
"table 12, row 20, col 1",Offer Related Terms,Description,ORGANIZATION,gazetteer.sweep+organization.suffix,0.97,200,232,Nuvama Wealth Management Limited,Calderstone Cables Magnetics Limited
"table 12, row 20, col 1",Offer Related Terms,Description,ORGANIZATION,gazetteer.sweep+organization.suffix,0.97,237,261,ICICI Securities Limited,Brightvale Wealth Limited
"table 18, row 46, col 1",Technical and Industry Related Terms,Abbreviations,ORGANIZATION,gazetteer.sweep+organization.suffix,0.97,0,29,Precision Wires India Limited,Havenbrook Projects Systems Limited
paragraph 114,Industry and Market Data,,ORGANIZATION,gazetteer.sweep,0.95,231,235,CARE,NETHERBY
paragraph 114,Industry and Market Data,,ORGANIZATION,gazetteer.sweep+organization.suffix,0.97,258,301,CARE Analytics and Advisory Private Limited,Netherby Composites Logistics Insulation Private Limited
paragraph 114,Industry and Market Data,,ORGANIZATION,gazetteer.sweep,0.95,304,321,CareEdge Research,Netherby Composites Logistics Insulation Private Limited
paragraph 114,Industry and Market Data,,ORGANIZATION,gazetteer.sweep,0.95,544,548,CARE,NETHERBY
paragraph 114,Industry and Market Data,,URL,gazetteer.sweep+url.regex,1.00,625,689,https://kshinternational.com/investor-relations/industry-report/,https://kailash.example/investor-relations/industry-report/
paragraph 114,Industry and Market Data,,ORGANIZATION,gazetteer.sweep,0.95,700,717,CareEdge Research,Netherby Composites Logistics Insulation Private Limited
paragraph 114,Industry and Market Data,,ORGANIZATION,gazetteer.sweep,0.95,842,846,CARE,NETHERBY
paragraph 114,Industry and Market Data,,ORGANIZATION,gazetteer.sweep,0.95,855,872,CareEdge Research,Netherby Composites Logistics Insulation Private Limited
paragraph 114,Industry and Market Data,,ORGANIZATION,gazetteer.sweep,0.95,996,1000,CARE,NETHERBY
paragraph 133,Exchange Rates,,URL,gazetteer.sweep+url.regex,1.00,44,64,www.fbil.org.in. and,www.girish.example
paragraph 166,Our Promoters,,PERSON,gazetteer.sweep+person.hybrid,0.95,0,21,Kushal Subbayya Hegde,Samar Sami Barad
paragraph 166,Our Promoters,,PERSON,gazetteer.sweep,0.95,23,42,Pushpa Kushal Hegde,Atharv Agarwal Deshmukh
paragraph 166,Our Promoters,,PERSON,gazetteer.sweep+person.hybrid,0.95,44,63,Rajesh Kushal Hegde,Noah Deep Palla
paragraph 166,Our Promoters,,PERSON,gazetteer.sweep+person.hybrid,0.95,65,83,Rohit Kushal Hegde,Kamya Nair Varty
paragraph 166,Our Promoters,,PERSON,gazetteer.sweep,0.95,85,104,Rakhi Girija Shetty,Chanakya Deep Ramaswamy
paragraph 166,Our Promoters,,ORGANIZATION,gazetteer.sweep+organization.suffix,0.97,106,129,Dhaulagiri Family Trust,Stormcrest Family Trust
paragraph 166,Our Promoters,,ORGANIZATION,gazetteer.sweep+organization.suffix,0.97,131,151,Everest Family Trust,Sunmantle Family Trust
paragraph 166,Our Promoters,,ORGANIZATION,gazetteer.sweep+organization.suffix,0.97,153,172,Makalu Family Trust,Moonscarp Family Trust
paragraph 166,Our Promoters,,ORGANIZATION,gazetteer.sweep+organization.suffix,0.97,174,192,Broad Family Trust,Frostspire Family Trust
paragraph 166,Our Promoters,,ORGANIZATION,gazetteer.sweep+organization.suffix,0.97,194,216,Annapurna Family Trust,Windhollow Family Trust
paragraph 166,Our Promoters,,ORGANIZATION,gazetteer.sweep+organization.suffix,0.97,218,243,Kanchenjunga Family Trust,Glasscairn Family Trust
paragraph 166,Our Promoters,,ORGANIZATION,gazetteer.sweep+organization.suffix,0.97,248,291,Waterloo Industrial Park VI Private Limited,Girish Capital Systems Financial Private Limited
"table 23, row 3, col 1","Aggregate pre-Offer and post-Offer shareholding of our Promoters, the members of our Promoter Group, the Promoter Selling Shareholders of our Company",Name of the Shareholder,PERSON,gazetteer.sweep+person.hybrid,0.95,0,21,Kushal Subbayya Hegde,Samar Sami Barad
"table 23, row 4, col 1","Aggregate pre-Offer and post-Offer shareholding of our Promoters, the members of our Promoter Group, the Promoter Selling Shareholders of our Company",Name of the Shareholder,PERSON,gazetteer.sweep,0.95,0,19,Pushpa Kushal Hegde,Atharv Agarwal Deshmukh
"table 23, row 5, col 1","Aggregate pre-Offer and post-Offer shareholding of our Promoters, the members of our Promoter Group, the Promoter Selling Shareholders of our Company",Name of the Shareholder,PERSON,gazetteer.sweep+person.hybrid,0.95,0,19,Rajesh Kushal Hegde,Noah Deep Palla
"table 23, row 6, col 1","Aggregate pre-Offer and post-Offer shareholding of our Promoters, the members of our Promoter Group, the Promoter Selling Shareholders of our Company",Name of the Shareholder,PERSON,gazetteer.sweep+person.hybrid,0.95,0,18,Rohit Kushal Hegde,Kamya Nair Varty
"table 23, row 8, col 1","Aggregate pre-Offer and post-Offer shareholding of our Promoters, the members of our Promoter Group, the Promoter Selling Shareholders of our Company",Name of the Shareholder,ORGANIZATION,gazetteer.sweep+organization.suffix,0.97,0,23,Dhaulagiri Family Trust,Stormcrest Family Trust
"table 23, row 9, col 1","Aggregate pre-Offer and post-Offer shareholding of our Promoters, the members of our Promoter Group, the Promoter Selling Shareholders of our Company",Name of the Shareholder,ORGANIZATION,gazetteer.sweep+organization.suffix,0.97,0,20,Everest Family Trust,Sunmantle Family Trust
"table 23, row 10, col 1","Aggregate pre-Offer and post-Offer shareholding of our Promoters, the members of our Promoter Group, the Promoter Selling Shareholders of our Company",Name of the Shareholder,ORGANIZATION,gazetteer.sweep+organization.suffix,0.97,0,19,Makalu Family Trust,Moonscarp Family Trust
"table 23, row 11, col 1","Aggregate pre-Offer and post-Offer shareholding of our Promoters, the members of our Promoter Group, the Promoter Selling Shareholders of our Company",Name of the Shareholder,ORGANIZATION,gazetteer.sweep+organization.suffix,0.97,0,18,Broad Family Trust,Frostspire Family Trust
"table 23, row 12, col 1","Aggregate pre-Offer and post-Offer shareholding of our Promoters, the members of our Promoter Group, the Promoter Selling Shareholders of our Company",Name of the Shareholder,ORGANIZATION,gazetteer.sweep+organization.suffix,0.97,0,22,Annapurna Family Trust,Windhollow Family Trust
"table 23, row 13, col 1","Aggregate pre-Offer and post-Offer shareholding of our Promoters, the members of our Promoter Group, the Promoter Selling Shareholders of our Company",Name of the Shareholder,ORGANIZATION,gazetteer.sweep+organization.suffix,0.97,0,25,Kanchenjunga Family Trust,Glasscairn Family Trust
"table 23, row 16, col 1","Aggregate pre-Offer and post-Offer shareholding of our Promoters, the members of our Promoter Group, the Promoter Selling Shareholders of our Company",Name of the Shareholder,PERSON,gazetteer.sweep+person.hybrid,0.95,0,21,Maithili Rajesh Hegde,Panini Dalal Warrior
"table 23, row 17, col 1","Aggregate pre-Offer and post-Offer shareholding of our Promoters, the members of our Promoter Group, the Promoter Selling Shareholders of our Company",Name of the Shareholder,PERSON,gazetteer.sweep+person.hybrid,0.95,0,25,Katyayani Balasubramanian,Tarak Parsa
"table 24, row 4, col 0","Aggregate pre-Offer and post-Offer shareholding of our Promoters, members of our Promoter Group and the additional top 10 Shareholders of our Company",Name,PERSON,gazetteer.sweep+person.hybrid,1.00,0,21,Kushal	Subbayya Hegde,Samar Sami Barad
"table 25, row 3, col 0","Aggregate pre-Offer and post-Offer shareholding of our Promoters, members of our Promoter Group and the additional top 10 Shareholders of our Company",Name,PERSON,gazetteer.sweep+person.hybrid,1.00,0,19,Pushpa	Kushal Hegde,Atharv Agarwal Deshmukh
"table 25, row 4, col 0","Aggregate pre-Offer and post-Offer shareholding of our Promoters, members of our Promoter Group and the additional top 10 Shareholders of our Company",Name,PERSON,gazetteer.sweep+person.hybrid,1.00,0,19,Rajesh	Kushal Hegde,Noah Deep Palla
"table 25, row 5, col 0","Aggregate pre-Offer and post-Offer shareholding of our Promoters, members of our Promoter Group and the additional top 10 Shareholders of our Company",Name,PERSON,gazetteer.sweep+person.hybrid,1.00,0,18,Rohit	Kushal Hegde,Kamya Nair Varty
"table 25, row 6, col 0","Aggregate pre-Offer and post-Offer shareholding of our Promoters, members of our Promoter Group and the additional top 10 Shareholders of our Company",Name,PERSON,gazetteer.sweep+person.hybrid,1.00,0,19,Rakhi Girija Shetty,Chanakya Deep Ramaswamy
"table 25, row 7, col 0","Aggregate pre-Offer and post-Offer shareholding of our Promoters, members of our Promoter Group and the additional top 10 Shareholders of our Company",Name,ORGANIZATION,gazetteer.sweep+organization.suffix,0.97,0,23,Dhaulagiri Family Trust,Stormcrest Family Trust
"table 25, row 10, col 0","Aggregate pre-Offer and post-Offer shareholding of our Promoters, members of our Promoter Group and the additional top 10 Shareholders of our Company",Name,ORGANIZATION,gazetteer.sweep+organization.suffix,0.97,0,18,Broad Family Trust,Frostspire Family Trust
"table 25, row 11, col 0","Aggregate pre-Offer and post-Offer shareholding of our Promoters, members of our Promoter Group and the additional top 10 Shareholders of our Company",Name,ORGANIZATION,gazetteer.sweep+organization.suffix,0.97,0,22,Annapurna Family Trust,Windhollow Family Trust
"table 25, row 12, col 0","Aggregate pre-Offer and post-Offer shareholding of our Promoters, members of our Promoter Group and the additional top 10 Shareholders of our Company",Name,ORGANIZATION,gazetteer.sweep+organization.suffix,0.97,0,25,Kanchenjunga Family Trust,Glasscairn Family Trust
"table 25, row 15, col 0","Aggregate pre-Offer and post-Offer shareholding of our Promoters, members of our Promoter Group and the additional top 10 Shareholders of our Company",Name,PERSON,gazetteer.sweep+person.hybrid,1.00,0,21,Maithili	Rajesh Hegde,Panini Dalal Warrior
"table 25, row 16, col 0","Aggregate pre-Offer and post-Offer shareholding of our Promoters, members of our Promoter Group and the additional top 10 Shareholders of our Company",Name,PERSON,gazetteer.sweep+person.hybrid,1.00,0,25,Katyayani Balasubramanian,Tarak Parsa
"table 25, row 19, col 0","Aggregate pre-Offer and post-Offer shareholding of our Promoters, members of our Promoter Group and the additional top 10 Shareholders of our Company",Name,ORGANIZATION,gazetteer.sweep+organization.suffix,0.97,0,26,Malabar India Fund Limited,Ekansh Analytics Winding Limited
"table 25, row 20, col 0","Aggregate pre-Offer and post-Offer shareholding of our Promoters, members of our Promoter Group and the additional top 10 Shareholders of our Company",Name,PERSON,gazetteer.sweep+person.hybrid,1.00,0,17,Rupal K. Sancheti,Banjeet I. Parmer
"table 25, row 21, col 0","Aggregate pre-Offer and post-Offer shareholding of our Promoters, members of our Promoter Group and the additional top 10 Shareholders of our Company",Name,PERSON,gazetteer.sweep+person.hybrid,1.00,0,19,Salil Ajay Bhargava,Raksha Basu Bhatnagar
"table 25, row 22, col 0","Aggregate pre-Offer and post-Offer shareholding of our Promoters, members of our Promoter Group and the additional top 10 Shareholders of our Company",Name,PERSON,gazetteer.sweep+person.hybrid,1.00,0,17,Jabeen Ajay Menon,Onkar Bahri Zacharia
"table 25, row 23, col 0","Aggregate pre-Offer and post-Offer shareholding of our Promoters, members of our Promoter Group and the additional top 10 Shareholders of our Company",Name,PERSON,gazetteer.sweep+person.hybrid,1.00,0,10,Ajay Menon,George Sachdev
"table 25, row 24, col 0","Aggregate pre-Offer and post-Offer shareholding of our Promoters, members of our Promoter Group and the additional top 10 Shareholders of our Company",Name,PERSON,gazetteer.sweep+person.hybrid,1.00,0,20,Sunil	Nagayya Shetty,Ronith Soni Jha
paragraph 225,Summary of outstanding litigations,,PERSON,gazetteer.sweep+person.hybrid,0.95,31,52,Kushal Subbayya Hegde,Samar Sami Barad
paragraph 225,Summary of outstanding litigations,,PERSON,gazetteer.sweep+person.hybrid,0.95,54,73,Rajesh Kushal Hegde,Noah Deep Palla
paragraph 225,Summary of outstanding litigations,,PERSON,gazetteer.sweep+person.hybrid,0.95,75,93,Rohit Kushal Hegde,Kamya Nair Varty
paragraph 225,Summary of outstanding litigations,,PERSON,gazetteer.sweep,0.95,98,117,Rakhi Girija Shetty,Chanakya Deep Ramaswamy
paragraph 226,Summary of outstanding litigations,,PERSON,gazetteer.sweep+person.hybrid,0.95,30,45,Sandesh Bhagwat,Jagrati Agarwal
paragraph 226,Summary of outstanding litigations,,PERSON,gazetteer.sweep+person.hybrid,0.95,52,62,Amod Joshi,Dakshesh Balay
paragraph 226,Summary of outstanding litigations,,PERSON,gazetteer.sweep+person.hybrid,0.95,69,86,Sarthak Malvadkar,Jeet Vohra
paragraph 226,Summary of outstanding litigations,,PERSON,gazetteer.sweep+person.hybrid,0.95,119,132,Ganesh Prasad,Gauri Shan
"table 31, row 1, col 1",Summary of related party transactions,Name of related party with whom transactions have taken place,PERSON,gazetteer.sweep+person.hybrid,0.95,0,18,Kushal Electricals,Frado Kadakia
"table 32, row 1, col 0",Weighted average price at which the specified securities were acquired by our Promoter and the Promoter Selling Shareholders in the last one year preceding the date of this Red Herring Prospectus,Name of the Promoter,PERSON,gazetteer.sweep+person.hybrid,0.95,0,21,Kushal Subbayya Hegde,Samar Sami Barad
"table 33, row 1, col 0",Weighted average price at which the specified securities were acquired by our Promoter and the Promoter Selling Shareholders in the last one year preceding the date of this Red Herring Prospectus,Name of the Promoter,PERSON,gazetteer.sweep,0.95,0,19,Pushpa Kushal Hegde,Atharv Agarwal Deshmukh
"table 33, row 2, col 0",Weighted average price at which the specified securities were acquired by our Promoter and the Promoter Selling Shareholders in the last one year preceding the date of this Red Herring Prospectus,Name of the Promoter,PERSON,gazetteer.sweep+person.hybrid,0.95,0,19,Rajesh Kushal Hegde,Noah Deep Palla
"table 33, row 3, col 0",Weighted average price at which the specified securities were acquired by our Promoter and the Promoter Selling Shareholders in the last one year preceding the date of this Red Herring Prospectus,Name of the Promoter,PERSON,gazetteer.sweep+person.hybrid,0.95,0,18,Rohit Kushal Hegde,Kamya Nair Varty
"table 33, row 5, col 0",Weighted average price at which the specified securities were acquired by our Promoter and the Promoter Selling Shareholders in the last one year preceding the date of this Red Herring Prospectus,Name of the Promoter,ORGANIZATION,gazetteer.sweep+organization.suffix,0.97,0,23,Dhaulagiri Family Trust,Stormcrest Family Trust
"table 33, row 6, col 0",Weighted average price at which the specified securities were acquired by our Promoter and the Promoter Selling Shareholders in the last one year preceding the date of this Red Herring Prospectus,Name of the Promoter,ORGANIZATION,gazetteer.sweep+organization.suffix,0.97,0,20,Everest Family Trust,Sunmantle Family Trust
"table 33, row 7, col 0",Weighted average price at which the specified securities were acquired by our Promoter and the Promoter Selling Shareholders in the last one year preceding the date of this Red Herring Prospectus,Name of the Promoter,ORGANIZATION,gazetteer.sweep+organization.suffix,0.97,0,19,Makalu Family Trust,Moonscarp Family Trust
"table 33, row 8, col 0",Weighted average price at which the specified securities were acquired by our Promoter and the Promoter Selling Shareholders in the last one year preceding the date of this Red Herring Prospectus,Name of the Promoter,ORGANIZATION,gazetteer.sweep+organization.suffix,0.97,0,18,Broad Family Trust,Frostspire Family Trust
"table 33, row 9, col 0",Weighted average price at which the specified securities were acquired by our Promoter and the Promoter Selling Shareholders in the last one year preceding the date of this Red Herring Prospectus,Name of the Promoter,ORGANIZATION,gazetteer.sweep+organization.suffix,0.97,0,22,Annapurna Family Trust,Windhollow Family Trust
"table 33, row 10, col 0",Weighted average price at which the specified securities were acquired by our Promoter and the Promoter Selling Shareholders in the last one year preceding the date of this Red Herring Prospectus,Name of the Promoter,ORGANIZATION,gazetteer.sweep+organization.suffix,0.97,0,25,Kanchenjunga Family Trust,Glasscairn Family Trust
paragraph 262,Weighted average price at which the specified securities were acquired by our Promoter and the Promoter Selling Shareholders in the last one year preceding the date of this Red Herring Prospectus,,ORGANIZATION,gazetteer.sweep+organization.suffix,0.97,20,40,Kirtane & Pandit LLP,Northmoor Capital Foundry LLP
paragraph 267,"Weighted average cost of acquisition of all shares transacted in last one year, 18 months and three years preceding the date of this Red Herring Prospectus",,ORGANIZATION,gazetteer.sweep+organization.suffix,0.97,18,38,Kirtane & Pandit LLP,Northmoor Capital Foundry LLP
"table 35, row 1, col 0",Average cost of acquisition of Equity Shares by our Promoters and the Promoter Selling Shareholders,Name of Promoter,PERSON,gazetteer.sweep+person.hybrid,0.95,0,21,Kushal Subbayya Hegde,Samar Sami Barad
"table 35, row 2, col 0",Average cost of acquisition of Equity Shares by our Promoters and the Promoter Selling Shareholders,Name of Promoter,PERSON,gazetteer.sweep,0.95,0,19,Pushpa Kushal Hegde,Atharv Agarwal Deshmukh
"table 35, row 3, col 0",Average cost of acquisition of Equity Shares by our Promoters and the Promoter Selling Shareholders,Name of Promoter,PERSON,gazetteer.sweep+person.hybrid,0.95,0,19,Rajesh Kushal Hegde,Noah Deep Palla
"table 35, row 4, col 0",Average cost of acquisition of Equity Shares by our Promoters and the Promoter Selling Shareholders,Name of Promoter,PERSON,gazetteer.sweep+person.hybrid,0.95,0,18,Rohit Kushal Hegde,Kamya Nair Varty
"table 35, row 6, col 0",Average cost of acquisition of Equity Shares by our Promoters and the Promoter Selling Shareholders,Name of Promoter,ORGANIZATION,gazetteer.sweep+organization.suffix,0.97,0,23,Dhaulagiri Family Trust,Stormcrest Family Trust
"table 35, row 7, col 0",Average cost of acquisition of Equity Shares by our Promoters and the Promoter Selling Shareholders,Name of Promoter,ORGANIZATION,gazetteer.sweep+organization.suffix,0.97,0,20,Everest Family Trust,Sunmantle Family Trust
"table 35, row 8, col 0",Average cost of acquisition of Equity Shares by our Promoters and the Promoter Selling Shareholders,Name of Promoter,ORGANIZATION,gazetteer.sweep+organization.suffix,0.97,0,19,Makalu Family Trust,Moonscarp Family Trust
"table 35, row 9, col 0",Average cost of acquisition of Equity Shares by our Promoters and the Promoter Selling Shareholders,Name of Promoter,ORGANIZATION,gazetteer.sweep+organization.suffix,0.97,0,18,Broad Family Trust,Frostspire Family Trust
"table 35, row 10, col 0",Average cost of acquisition of Equity Shares by our Promoters and the Promoter Selling Shareholders,Name of Promoter,ORGANIZATION,gazetteer.sweep+organization.suffix,0.97,0,22,Annapurna Family Trust,Windhollow Family Trust
"table 35, row 11, col 0",Average cost of acquisition of Equity Shares by our Promoters and the Promoter Selling Shareholders,Name of Promoter,ORGANIZATION,gazetteer.sweep+organization.suffix,0.97,0,25,Kanchenjunga Family Trust,Glasscairn Family Trust
paragraph 276,Average cost of acquisition of Equity Shares by our Promoters and the Promoter Selling Shareholders,,ORGANIZATION,gazetteer.sweep+organization.suffix,0.97,20,40,Kirtane & Pandit LLP,Northmoor Capital Foundry LLP
"table 36, row 2, col 0","Details of price at which specified securities of our Company were acquired by our Promoters, members of the Promoter Group, Promoter Selling Shareholders and Shareholders with the right to nominate Directors or any other special rights in the three years preceding the date of this Red Herring Prospectus",Name of Shareholder,PERSON,gazetteer.sweep,0.95,0,21,Kushal Subbayya Hegde,Samar Sami Barad
"table 36, row 8, col 0","Details of price at which specified securities of our Company were acquired by our Promoters, members of the Promoter Group, Promoter Selling Shareholders and Shareholders with the right to nominate Directors or any other special rights in the three years preceding the date of this Red Herring Prospectus",Name of Shareholder,ORGANIZATION,gazetteer.sweep+organization.suffix,0.97,0,23,Dhaulagiri Family Trust,Stormcrest Family Trust
"table 36, row 9, col 0","Details of price at which specified securities of our Company were acquired by our Promoters, members of the Promoter Group, Promoter Selling Shareholders and Shareholders with the right to nominate Directors or any other special rights in the three years preceding the date of this Red Herring Prospectus",Name of Shareholder,ORGANIZATION,gazetteer.sweep+organization.suffix,0.97,0,20,Everest Family Trust,Sunmantle Family Trust
"table 36, row 10, col 0","Details of price at which specified securities of our Company were acquired by our Promoters, members of the Promoter Group, Promoter Selling Shareholders and Shareholders with the right to nominate Directors or any other special rights in the three years preceding the date of this Red Herring Prospectus",Name of Shareholder,ORGANIZATION,gazetteer.sweep+organization.suffix,0.97,0,19,Makalu Family Trust,Moonscarp Family Trust
"table 36, row 11, col 0","Details of price at which specified securities of our Company were acquired by our Promoters, members of the Promoter Group, Promoter Selling Shareholders and Shareholders with the right to nominate Directors or any other special rights in the three years preceding the date of this Red Herring Prospectus",Name of Shareholder,ORGANIZATION,gazetteer.sweep+organization.suffix,0.97,0,18,Broad Family Trust,Frostspire Family Trust
"table 36, row 12, col 0","Details of price at which specified securities of our Company were acquired by our Promoters, members of the Promoter Group, Promoter Selling Shareholders and Shareholders with the right to nominate Directors or any other special rights in the three years preceding the date of this Red Herring Prospectus",Name of Shareholder,ORGANIZATION,gazetteer.sweep+organization.suffix,0.97,0,22,Annapurna Family Trust,Windhollow Family Trust
"table 36, row 13, col 0","Details of price at which specified securities of our Company were acquired by our Promoters, members of the Promoter Group, Promoter Selling Shareholders and Shareholders with the right to nominate Directors or any other special rights in the three years preceding the date of this Red Herring Prospectus",Name of Shareholder,ORGANIZATION,gazetteer.sweep+organization.suffix,0.97,0,25,Kanchenjunga Family Trust,Glasscairn Family Trust
"table 36, row 15, col 0","Details of price at which specified securities of our Company were acquired by our Promoters, members of the Promoter Group, Promoter Selling Shareholders and Shareholders with the right to nominate Directors or any other special rights in the three years preceding the date of this Red Herring Prospectus",Name of Shareholder,PERSON,gazetteer.sweep+person.hybrid,0.95,0,21,Maithili Rajesh Hegde,Panini Dalal Warrior
"table 36, row 16, col 0","Details of price at which specified securities of our Company were acquired by our Promoters, members of the Promoter Group, Promoter Selling Shareholders and Shareholders with the right to nominate Directors or any other special rights in the three years preceding the date of this Red Herring Prospectus",Name of Shareholder,PERSON,gazetteer.sweep+person.hybrid,0.95,0,21,Maithili Rajesh Hegde,Panini Dalal Warrior
"table 36, row 18, col 0","Details of price at which specified securities of our Company were acquired by our Promoters, members of the Promoter Group, Promoter Selling Shareholders and Shareholders with the right to nominate Directors or any other special rights in the three years preceding the date of this Red Herring Prospectus",Name of Shareholder,PERSON,gazetteer.sweep+person.hybrid,0.95,0,25,Katyayani Balasubramanian,Tarak Parsa
paragraph 282,"Details of price at which specified securities of our Company were acquired by our Promoters, members of the Promoter Group, Promoter Selling Shareholders and Shareholders with the right to nominate Directors or any other special rights in the three years preceding the date of this Red Herring Prospectus",,ORGANIZATION,gazetteer.sweep+organization.suffix,0.97,18,38,Kirtane & Pandit LLP,Northmoor Capital Foundry LLP
"table 37, row 1, col 0","Details of price at which specified securities of our Company were acquired by our Promoters, members of the Promoter Group, Promoter Selling Shareholders and Shareholders with the right to nominate Directors or any other special rights in the three years preceding the date of this Red Herring Prospectus",Transferee,ORGANIZATION,gazetteer.sweep+organization.suffix,0.97,0,23,Dhaulagiri Family Trust,Stormcrest Family Trust
"table 37, row 1, col 1","Details of price at which specified securities of our Company were acquired by our Promoters, members of the Promoter Group, Promoter Selling Shareholders and Shareholders with the right to nominate Directors or any other special rights in the three years preceding the date of this Red Herring Prospectus",Transferor,PERSON,gazetteer.sweep+person.hybrid,0.95,0,21,Kushal Subbayya Hegde,Samar Sami Barad
"table 37, row 2, col 0","Details of price at which specified securities of our Company were acquired by our Promoters, members of the Promoter Group, Promoter Selling Shareholders and Shareholders with the right to nominate Directors or any other special rights in the three years preceding the date of this Red Herring Prospectus",Transferee,ORGANIZATION,gazetteer.sweep+organization.suffix,0.97,0,19,Makalu Family Trust,Moonscarp Family Trust
"table 37, row 2, col 1","Details of price at which specified securities of our Company were acquired by our Promoters, members of the Promoter Group, Promoter Selling Shareholders and Shareholders with the right to nominate Directors or any other special rights in the three years preceding the date of this Red Herring Prospectus",Transferor,PERSON,gazetteer.sweep+person.hybrid,0.95,0,21,Kushal Subbayya Hegde,Samar Sami Barad
"table 37, row 3, col 0","Details of price at which specified securities of our Company were acquired by our Promoters, members of the Promoter Group, Promoter Selling Shareholders and Shareholders with the right to nominate Directors or any other special rights in the three years preceding the date of this Red Herring Prospectus",Transferee,ORGANIZATION,gazetteer.sweep+organization.suffix,0.97,0,20,Everest Family Trust,Sunmantle Family Trust
"table 37, row 3, col 1","Details of price at which specified securities of our Company were acquired by our Promoters, members of the Promoter Group, Promoter Selling Shareholders and Shareholders with the right to nominate Directors or any other special rights in the three years preceding the date of this Red Herring Prospectus",Transferor,PERSON,gazetteer.sweep+person.hybrid,0.95,0,21,Kushal Subbayya Hegde,Samar Sami Barad
"table 37, row 4, col 0","Details of price at which specified securities of our Company were acquired by our Promoters, members of the Promoter Group, Promoter Selling Shareholders and Shareholders with the right to nominate Directors or any other special rights in the three years preceding the date of this Red Herring Prospectus",Transferee,ORGANIZATION,gazetteer.sweep+organization.suffix,0.97,0,25,Kanchenjunga Family Trust,Glasscairn Family Trust
"table 37, row 4, col 1","Details of price at which specified securities of our Company were acquired by our Promoters, members of the Promoter Group, Promoter Selling Shareholders and Shareholders with the right to nominate Directors or any other special rights in the three years preceding the date of this Red Herring Prospectus",Transferor,PERSON,gazetteer.sweep,0.95,0,19,Pushpa Kushal Hegde,Atharv Agarwal Deshmukh
"table 37, row 5, col 0","Details of price at which specified securities of our Company were acquired by our Promoters, members of the Promoter Group, Promoter Selling Shareholders and Shareholders with the right to nominate Directors or any other special rights in the three years preceding the date of this Red Herring Prospectus",Transferee,ORGANIZATION,gazetteer.sweep+organization.suffix,0.97,0,22,Annapurna Family Trust,Windhollow Family Trust
"table 37, row 5, col 1","Details of price at which specified securities of our Company were acquired by our Promoters, members of the Promoter Group, Promoter Selling Shareholders and Shareholders with the right to nominate Directors or any other special rights in the three years preceding the date of this Red Herring Prospectus",Transferor,PERSON,gazetteer.sweep,0.95,0,19,Pushpa Kushal Hegde,Atharv Agarwal Deshmukh
"table 37, row 6, col 0","Details of price at which specified securities of our Company were acquired by our Promoters, members of the Promoter Group, Promoter Selling Shareholders and Shareholders with the right to nominate Directors or any other special rights in the three years preceding the date of this Red Herring Prospectus",Transferee,ORGANIZATION,gazetteer.sweep+organization.suffix,0.97,0,18,Broad Family Trust,Frostspire Family Trust
"table 37, row 6, col 1","Details of price at which specified securities of our Company were acquired by our Promoters, members of the Promoter Group, Promoter Selling Shareholders and Shareholders with the right to nominate Directors or any other special rights in the three years preceding the date of this Red Herring Prospectus",Transferor,PERSON,gazetteer.sweep,0.95,0,19,Pushpa Kushal Hegde,Atharv Agarwal Deshmukh
paragraph 306,SECTION II: RISK FACTORS,,ORGANIZATION,gazetteer.sweep,0.95,216,220,CARE,NETHERBY
paragraph 306,SECTION II: RISK FACTORS,,ORGANIZATION,gazetteer.sweep+organization.suffix,0.97,254,297,Care Analytics and Advisory Private Limited,Netherby Composites Logistics Insulation Private Limited
paragraph 306,SECTION II: RISK FACTORS,,ORGANIZATION,gazetteer.sweep,0.95,509,513,CARE,NETHERBY
paragraph 306,SECTION II: RISK FACTORS,,ORGANIZATION,gazetteer.sweep,0.95,702,706,CARE,NETHERBY
paragraph 306,SECTION II: RISK FACTORS,,ORGANIZATION,gazetteer.sweep,0.95,833,837,CARE,NETHERBY
paragraph 319,"We depend on certain customers for a significant portion of our revenue from operations. Our top 10 customers contributed to 53.97%, 52.54%, 57.10% and 58.99% of our revenue from operations for the three-month period ended June 30, 2025, and Fiscals 2025, 2024 and 2023, respectively. Any decrease in demand from such customers, the loss of such customers or our inability to diversify our customer base could have an adverse effect on our business, results of operations, financial condition and cash flows.",,ORGANIZATION,gazetteer.sweep+organization.suffix,0.97,35,58,Al-Ahleia Switchgear Co,Pinecrest Wealth Infrastructure
paragraph 319,"We depend on certain customers for a significant portion of our revenue from operations. Our top 10 customers contributed to 53.97%, 52.54%, 57.10% and 58.99% of our revenue from operations for the three-month period ended June 30, 2025, and Fiscals 2025, 2024 and 2023, respectively. Any decrease in demand from such customers, the loss of such customers or our inability to diversify our customer base could have an adverse effect on our business, results of operations, financial condition and cash flows.",,ORGANIZATION,gazetteer.sweep+organization.suffix,0.97,61,82,Bharat Bijlee Limited,Kestrelton Metals Limited
paragraph 319,"We depend on certain customers for a significant portion of our revenue from operations. Our top 10 customers contributed to 53.97%, 52.54%, 57.10% and 58.99% of our revenue from operations for the three-month period ended June 30, 2025, and Fiscals 2025, 2024 and 2023, respectively. Any decrease in demand from such customers, the loss of such customers or our inability to diversify our customer base could have an adverse effect on our business, results of operations, financial condition and cash flows.",,ORGANIZATION,gazetteer.sweep+organization.suffix,0.97,84,125,CG Power and Industrial Solutions Limited,Yarrowdale Advisory Composites Precision Logistics Limited
paragraph 319,"We depend on certain customers for a significant portion of our revenue from operations. Our top 10 customers contributed to 53.97%, 52.54%, 57.10% and 58.99% of our revenue from operations for the three-month period ended June 30, 2025, and Fiscals 2025, 2024 and 2023, respectively. Any decrease in demand from such customers, the loss of such customers or our inability to diversify our customer base could have an adverse effect on our business, results of operations, financial condition and cash flows.",,ORGANIZATION,gazetteer.sweep+organization.suffix,0.97,127,168,Emirates Transformer & Switchgear Limited,Westhaven Power Advisory Logistics Limited
paragraph 319,"We depend on certain customers for a significant portion of our revenue from operations. Our top 10 customers contributed to 53.97%, 52.54%, 57.10% and 58.99% of our revenue from operations for the three-month period ended June 30, 2025, and Fiscals 2025, 2024 and 2023, respectively. Any decrease in demand from such customers, the loss of such customers or our inability to diversify our customer base could have an adverse effect on our business, results of operations, financial condition and cash flows.",,ORGANIZATION,gazetteer.sweep+organization.suffix,0.97,170,201,Georgia Transformer Corporation,Kailash Wealth Corporation
paragraph 319,"We depend on certain customers for a significant portion of our revenue from operations. Our top 10 customers contributed to 53.97%, 52.54%, 57.10% and 58.99% of our revenue from operations for the three-month period ended June 30, 2025, and Fiscals 2025, 2024 and 2023, respectively. Any decrease in demand from such customers, the loss of such customers or our inability to diversify our customer base could have an adverse effect on our business, results of operations, financial condition and cash flows.",,ORGANIZATION,gazetteer.sweep+organization.suffix,0.97,203,252,Nidec Industrial Automation India Private Limited,Oakhurst Power Extrusion Winding Private Limited
paragraph 319,"We depend on certain customers for a significant portion of our revenue from operations. Our top 10 customers contributed to 53.97%, 52.54%, 57.10% and 58.99% of our revenue from operations for the three-month period ended June 30, 2025, and Fiscals 2025, 2024 and 2023, respectively. Any decrease in demand from such customers, the loss of such customers or our inability to diversify our customer base could have an adverse effect on our business, results of operations, financial condition and cash flows.",,ORGANIZATION,gazetteer.sweep+organization.suffix,0.97,254,295,Transformers & Rectifiers (India) Limited,Stonebridge Systems Fabrication Alloys Limited
paragraph 319,"We depend on certain customers for a significant portion of our revenue from operations. Our top 10 customers contributed to 53.97%, 52.54%, 57.10% and 58.99% of our revenue from operations for the three-month period ended June 30, 2025, and Fiscals 2025, 2024 and 2023, respectively. Any decrease in demand from such customers, the loss of such customers or our inability to diversify our customer base could have an adverse effect on our business, results of operations, financial condition and cash flows.",,ORGANIZATION,gazetteer.sweep+organization.suffix,0.97,301,333,Virginia Transformer Corporation,Ironvale Metals Corporation
paragraph 347,"Our business is dependent on suppliers to procure our raw materials (top 10 suppliers contributed to 98.91%, 98.45%, 96.93% and 98.58% of our total cost of raw materials and components purchased for the three-month period ended June 30, 2025, and Fiscals 2025, 2024, and 2023, respectively). We have not entered into long-term agreements with these suppliers, and any loss of suppliers or interruptions in the timely delivery of raw materials or volatility in their prices could have an adverse impact on our business, financial condition, cash flows and results of operations.",,ORGANIZATION,gazetteer.sweep+organization.suffix,0.97,55,73,Cindus Corporation,Vantage Corporation
paragraph 347,"Our business is dependent on suppliers to procure our raw materials (top 10 suppliers contributed to 98.91%, 98.45%, 96.93% and 98.58% of our total cost of raw materials and components purchased for the three-month period ended June 30, 2025, and Fiscals 2025, 2024, and 2023, respectively). We have not entered into long-term agreements with these suppliers, and any loss of suppliers or interruptions in the timely delivery of raw materials or volatility in their prices could have an adverse impact on our business, financial condition, cash flows and results of operations.",,ORGANIZATION,gazetteer.sweep+organization.suffix,0.97,75,101,Elantas Beck India Limited,Yarrowdale Foundry Trading Limited
paragraph 347,"Our business is dependent on suppliers to procure our raw materials (top 10 suppliers contributed to 98.91%, 98.45%, 96.93% and 98.58% of our total cost of raw materials and components purchased for the three-month period ended June 30, 2025, and Fiscals 2025, 2024, and 2023, respectively). We have not entered into long-term agreements with these suppliers, and any loss of suppliers or interruptions in the timely delivery of raw materials or volatility in their prices could have an adverse impact on our business, financial condition, cash flows and results of operations.",,ORGANIZATION,gazetteer.sweep+organization.suffix,0.97,103,130,Hindalco Industries Limited,Thornleigh Consulting Limited
paragraph 347,"Our business is dependent on suppliers to procure our raw materials (top 10 suppliers contributed to 98.91%, 98.45%, 96.93% and 98.58% of our total cost of raw materials and components purchased for the three-month period ended June 30, 2025, and Fiscals 2025, 2024, and 2023, respectively). We have not entered into long-term agreements with these suppliers, and any loss of suppliers or interruptions in the timely delivery of raw materials or volatility in their prices could have an adverse impact on our business, financial condition, cash flows and results of operations.",,ORGANIZATION,gazetteer.sweep+organization.suffix,0.97,132,150,Polycom Associates,Bhaskar Associates
paragraph 347,"Our business is dependent on suppliers to procure our raw materials (top 10 suppliers contributed to 98.91%, 98.45%, 96.93% and 98.58% of our total cost of raw materials and components purchased for the three-month period ended June 30, 2025, and Fiscals 2025, 2024, and 2023, respectively). We have not entered into long-term agreements with these suppliers, and any loss of suppliers or interruptions in the timely delivery of raw materials or volatility in their prices could have an adverse impact on our business, financial condition, cash flows and results of operations.",,ORGANIZATION,gazetteer.sweep+organization.suffix,0.97,152,189,Savli Copper Products Private Limited,Aravind Energy Conductors Private Limited
paragraph 347,"Our business is dependent on suppliers to procure our raw materials (top 10 suppliers contributed to 98.91%, 98.45%, 96.93% and 98.58% of our total cost of raw materials and components purchased for the three-month period ended June 30, 2025, and Fiscals 2025, 2024, and 2023, respectively). We have not entered into long-term agreements with these suppliers, and any loss of suppliers or interruptions in the timely delivery of raw materials or volatility in their prices could have an adverse impact on our business, financial condition, cash flows and results of operations.",,ORGANIZATION,gazetteer.sweep+organization.suffix,0.97,217,232,Vedanta Limited,Rivermead Limited
paragraph 428,"If we fail to comply with the applicable regulations and rules prescribed by the Government of India and the relevant statutory or regulatory bodies or fail to obtain, maintain or renew our statutory and regulatory licenses, permits and approvals required for our business, our results of operations and cash flows may be adversely affected.",,ORGANIZATION,gazetteer.sweep+organization.suffix,0.97,280,313,KSH International Private Limited,Bhaskar Infrastructure Private Limited
paragraph 440,"We are unable to trace some of our historical corporate records including in relation to certain allotments made by our Company. Further, certain corporate records have errors, and certain corporate filings have been made with delays. We cannot assure you that no legal proceedings or regulatory actions will be initiated against our Company in the future in relation to these matters, which may impact our financial condition and reputation.",,ORGANIZATION,gazetteer.sweep+organization.suffix,0.97,103,143,Bhandary Metal Extrusion Private Limited,Jagdev Systems Trading Private Limited
paragraph 440,"We are unable to trace some of our historical corporate records including in relation to certain allotments made by our Company. Further, certain corporate records have errors, and certain corporate filings have been made with delays. We cannot assure you that no legal proceedings or regulatory actions will be initiated against our Company in the future in relation to these matters, which may impact our financial condition and reputation.",,ORGANIZATION,gazetteer.sweep+organization.suffix,0.97,149,182,KSH International Private Limited,Bhaskar Infrastructure Private Limited
paragraph 441,"We are unable to trace some of our historical corporate records including in relation to certain allotments made by our Company. Further, certain corporate records have errors, and certain corporate filings have been made with delays. We cannot assure you that no legal proceedings or regulatory actions will be initiated against our Company in the future in relation to these matters, which may impact our financial condition and reputation.",,PERSON,gazetteer.sweep+person.hybrid,0.95,87,106,Rajesh Kushal Hegde,Noah Deep Palla
paragraph 442,"We are unable to trace some of our historical corporate records including in relation to certain allotments made by our Company. Further, certain corporate records have errors, and certain corporate filings have been made with delays. We cannot assure you that no legal proceedings or regulatory actions will be initiated against our Company in the future in relation to these matters, which may impact our financial condition and reputation.",,PERSON,gazetteer.sweep+person.hybrid,0.95,99,117,Rohit Kushal Hegde,Kamya Nair Varty
paragraph 443,"We are unable to trace some of our historical corporate records including in relation to certain allotments made by our Company. Further, certain corporate records have errors, and certain corporate filings have been made with delays. We cannot assure you that no legal proceedings or regulatory actions will be initiated against our Company in the future in relation to these matters, which may impact our financial condition and reputation.",,PERSON,gazetteer.sweep+person.hybrid,0.95,95,113,Rohit Kushal Hegde,Kamya Nair Varty
"table 53, row 1, col 3","We are unable to trace some of our historical corporate records including in relation to certain allotments made by our Company. Further, certain corporate records have errors, and certain corporate filings have been made with delays. We cannot assure you that no legal proceedings or regulatory actions will be initiated against our Company in the future in relation to these matters, which may impact our financial condition and reputation.",The financial statements of FY 1980 and FY 1981.,PERSON,gazetteer.sweep+person.hybrid,0.95,34,46,Kushal Hegde,Samar Barad
"table 53, row 1, col 3","We are unable to trace some of our historical corporate records including in relation to certain allotments made by our Company. Further, certain corporate records have errors, and certain corporate filings have been made with delays. We cannot assure you that no legal proceedings or regulatory actions will be initiated against our Company in the future in relation to these matters, which may impact our financial condition and reputation.",The financial statements of FY 1980 and FY 1981.,PERSON,gazetteer.sweep+person.hybrid,0.95,66,74,Gopal BO,Gaurav De
"table 53, row 2, col 3","We are unable to trace some of our historical corporate records including in relation to certain allotments made by our Company. Further, certain corporate records have errors, and certain corporate filings have been made with delays. We cannot assure you that no legal proceedings or regulatory actions will be initiated against our Company in the future in relation to these matters, which may impact our financial condition and reputation.",The financial statements of FY 1980 and FY 1981.,PERSON,gazetteer.sweep+person.hybrid,0.95,34,46,Kushal Hegde,Samar Barad
"table 53, row 2, col 3","We are unable to trace some of our historical corporate records including in relation to certain allotments made by our Company. Further, certain corporate records have errors, and certain corporate filings have been made with delays. We cannot assure you that no legal proceedings or regulatory actions will be initiated against our Company in the future in relation to these matters, which may impact our financial condition and reputation.",The financial statements of FY 1980 and FY 1981.,PERSON,gazetteer.sweep+person.hybrid,0.95,52,70,Karunakar Bhandary,Urvashi Palla
"table 53, row 3, col 3","We are unable to trace some of our historical corporate records including in relation to certain allotments made by our Company. Further, certain corporate records have errors, and certain corporate filings have been made with delays. We cannot assure you that no legal proceedings or regulatory actions will be initiated against our Company in the future in relation to these matters, which may impact our financial condition and reputation.",The financial statements of FY 1980 and FY 1981.,PERSON,gazetteer.sweep+person.hybrid,0.95,34,46,Kushal Hegde,Samar Barad
"table 53, row 4, col 3","We are unable to trace some of our historical corporate records including in relation to certain allotments made by our Company. Further, certain corporate records have errors, and certain corporate filings have been made with delays. We cannot assure you that no legal proceedings or regulatory actions will be initiated against our Company in the future in relation to these matters, which may impact our financial condition and reputation.",The financial statements of FY 1980 and FY 1981.,PERSON,gazetteer.sweep+person.hybrid,0.95,34,46,Kushal Hegde,Samar Barad
"table 53, row 4, col 3","We are unable to trace some of our historical corporate records including in relation to certain allotments made by our Company. Further, certain corporate records have errors, and certain corporate filings have been made with delays. We cannot assure you that no legal proceedings or regulatory actions will be initiated against our Company in the future in relation to these matters, which may impact our financial condition and reputation.",The financial statements of FY 1980 and FY 1981.,PERSON,gazetteer.sweep+person.hybrid,0.95,50,65,Karunakar Hegde,Divya Dhar
"table 53, row 6, col 3","We are unable to trace some of our historical corporate records including in relation to certain allotments made by our Company. Further, certain corporate records have errors, and certain corporate filings have been made with delays. We cannot assure you that no legal proceedings or regulatory actions will be initiated against our Company in the future in relation to these matters, which may impact our financial condition and reputation.",The financial statements of FY 1980 and FY 1981.,PERSON,gazetteer.sweep+person.hybrid,0.95,34,53,Karunakar Hegde HUF,Yahvi Natt Gandhi
"table 53, row 6, col 3","We are unable to trace some of our historical corporate records including in relation to certain allotments made by our Company. Further, certain corporate records have errors, and certain corporate filings have been made with delays. We cannot assure you that no legal proceedings or regulatory actions will be initiated against our Company in the future in relation to these matters, which may impact our financial condition and reputation.",The financial statements of FY 1980 and FY 1981.,PERSON,gazetteer.sweep+person.hybrid,0.95,59,74,Karunakar Hegde,Divya Dhar
"table 53, row 7, col 3","We are unable to trace some of our historical corporate records including in relation to certain allotments made by our Company. Further, certain corporate records have errors, and certain corporate filings have been made with delays. We cannot assure you that no legal proceedings or regulatory actions will be initiated against our Company in the future in relation to these matters, which may impact our financial condition and reputation.",The financial statements of FY 1980 and FY 1981.,PERSON,gazetteer.sweep+person.hybrid,0.95,34,53,Rajesh Kushal Hegde,Noah Deep Palla
"table 53, row 7, col 3","We are unable to trace some of our historical corporate records including in relation to certain allotments made by our Company. Further, certain corporate records have errors, and certain corporate filings have been made with delays. We cannot assure you that no legal proceedings or regulatory actions will be initiated against our Company in the future in relation to these matters, which may impact our financial condition and reputation.",The financial statements of FY 1980 and FY 1981.,PERSON,gazetteer.sweep+person.hybrid,0.95,59,77,Narayana B. Shetty,Meghana X. Sridhar
"table 53, row 8, col 3","We are unable to trace some of our historical corporate records including in relation to certain allotments made by our Company. Further, certain corporate records have errors, and certain corporate filings have been made with delays. We cannot assure you that no legal proceedings or regulatory actions will be initiated against our Company in the future in relation to these matters, which may impact our financial condition and reputation.",The financial statements of FY 1980 and FY 1981.,PERSON,gazetteer.sweep+person.hybrid,0.95,34,46,Kushal Hegde,Samar Barad
"table 53, row 8, col 3","We are unable to trace some of our historical corporate records including in relation to certain allotments made by our Company. Further, certain corporate records have errors, and certain corporate filings have been made with delays. We cannot assure you that no legal proceedings or regulatory actions will be initiated against our Company in the future in relation to these matters, which may impact our financial condition and reputation.",The financial statements of FY 1980 and FY 1981.,ORGANIZATION,gazetteer.sweep+organization.suffix,0.97,52,101,Shubhkamal Leasing and Investment Private Limited,Ishaan Capital Advisory Metals Private Limited
"table 53, row 9, col 3","We are unable to trace some of our historical corporate records including in relation to certain allotments made by our Company. Further, certain corporate records have errors, and certain corporate filings have been made with delays. We cannot assure you that no legal proceedings or regulatory actions will be initiated against our Company in the future in relation to these matters, which may impact our financial condition and reputation.",The financial statements of FY 1980 and FY 1981.,PERSON,gazetteer.sweep+person.hybrid,0.95,34,45,Rohit Hegde,Kamya Varty
"table 53, row 9, col 3","We are unable to trace some of our historical corporate records including in relation to certain allotments made by our Company. Further, certain corporate records have errors, and certain corporate filings have been made with delays. We cannot assure you that no legal proceedings or regulatory actions will be initiated against our Company in the future in relation to these matters, which may impact our financial condition and reputation.",The financial statements of FY 1980 and FY 1981.,PERSON,gazetteer.sweep+person.hybrid,0.95,51,70,Karunakar Hegde HUF,Yahvi Natt Gandhi
"table 53, row 10, col 3","We are unable to trace some of our historical corporate records including in relation to certain allotments made by our Company. Further, certain corporate records have errors, and certain corporate filings have been made with delays. We cannot assure you that no legal proceedings or regulatory actions will be initiated against our Company in the future in relation to these matters, which may impact our financial condition and reputation.",The financial statements of FY 1980 and FY 1981.,PERSON,gazetteer.sweep+person.hybrid,0.95,34,53,Rajesh Kushal Hegde,Noah Deep Palla
"table 53, row 10, col 3","We are unable to trace some of our historical corporate records including in relation to certain allotments made by our Company. Further, certain corporate records have errors, and certain corporate filings have been made with delays. We cannot assure you that no legal proceedings or regulatory actions will be initiated against our Company in the future in relation to these matters, which may impact our financial condition and reputation.",The financial statements of FY 1980 and FY 1981.,ORGANIZATION,gazetteer.sweep+organization.suffix,0.97,59,108,Shubhkamal Leasing and Investment Private Limited,Ishaan Capital Advisory Metals Private Limited
"table 53, row 11, col 3","We are unable to trace some of our historical corporate records including in relation to certain allotments made by our Company. Further, certain corporate records have errors, and certain corporate filings have been made with delays. We cannot assure you that no legal proceedings or regulatory actions will be initiated against our Company in the future in relation to these matters, which may impact our financial condition and reputation.",The financial statements of FY 1980 and FY 1981.,PERSON,gazetteer.sweep+person.hybrid,0.95,34,46,Rajesh Hegde,Noah Palla
"table 53, row 12, col 3","We are unable to trace some of our historical corporate records including in relation to certain allotments made by our Company. Further, certain corporate records have errors, and certain corporate filings have been made with delays. We cannot assure you that no legal proceedings or regulatory actions will be initiated against our Company in the future in relation to these matters, which may impact our financial condition and reputation.",The financial statements of FY 1980 and FY 1981.,PERSON,gazetteer.sweep+person.hybrid,0.95,34,45,Rohit Hegde,Kamya Varty
"table 53, row 13, col 3","We are unable to trace some of our historical corporate records including in relation to certain allotments made by our Company. Further, certain corporate records have errors, and certain corporate filings have been made with delays. We cannot assure you that no legal proceedings or regulatory actions will be initiated against our Company in the future in relation to these matters, which may impact our financial condition and reputation.",The financial statements of FY 1980 and FY 1981.,PERSON,gazetteer.sweep+person.hybrid,0.95,34,46,Kushal Hegde,Samar Barad
"table 53, row 13, col 3","We are unable to trace some of our historical corporate records including in relation to certain allotments made by our Company. Further, certain corporate records have errors, and certain corporate filings have been made with delays. We cannot assure you that no legal proceedings or regulatory actions will be initiated against our Company in the future in relation to these matters, which may impact our financial condition and reputation.",The financial statements of FY 1980 and FY 1981.,PERSON,gazetteer.sweep+person.hybrid,0.95,50,62,Rajesh Hegde,Noah Palla
"table 53, row 13, col 3","We are unable to trace some of our historical corporate records including in relation to certain allotments made by our Company. Further, certain corporate records have errors, and certain corporate filings have been made with delays. We cannot assure you that no legal proceedings or regulatory actions will be initiated against our Company in the future in relation to these matters, which may impact our financial condition and reputation.",The financial statements of FY 1980 and FY 1981.,PERSON,gazetteer.sweep+person.hybrid,0.95,67,78,Rohit Hegde,Kamya Varty
"table 53, row 16, col 3","We are unable to trace some of our historical corporate records including in relation to certain allotments made by our Company. Further, certain corporate records have errors, and certain corporate filings have been made with delays. We cannot assure you that no legal proceedings or regulatory actions will be initiated against our Company in the future in relation to these matters, which may impact our financial condition and reputation.",The financial statements of FY 1980 and FY 1981.,PERSON,gazetteer.sweep+person.hybrid,0.95,37,49,Kushal Hegde,Samar Barad
"table 53, row 16, col 3","We are unable to trace some of our historical corporate records including in relation to certain allotments made by our Company. Further, certain corporate records have errors, and certain corporate filings have been made with delays. We cannot assure you that no legal proceedings or regulatory actions will be initiated against our Company in the future in relation to these matters, which may impact our financial condition and reputation.",The financial statements of FY 1980 and FY 1981.,PERSON,gazetteer.sweep+person.hybrid,0.95,51,63,Rajesh Hegde,Noah Palla
"table 53, row 16, col 3","We are unable to trace some of our historical corporate records including in relation to certain allotments made by our Company. Further, certain corporate records have errors, and certain corporate filings have been made with delays. We cannot assure you that no legal proceedings or regulatory actions will be initiated against our Company in the future in relation to these matters, which may impact our financial condition and reputation.",The financial statements of FY 1980 and FY 1981.,PERSON,gazetteer.sweep+person.hybrid,0.95,68,79,Rohit Hegde,Kamya Varty
"table 53, row 16, col 3","We are unable to trace some of our historical corporate records including in relation to certain allotments made by our Company. Further, certain corporate records have errors, and certain corporate filings have been made with delays. We cannot assure you that no legal proceedings or regulatory actions will be initiated against our Company in the future in relation to these matters, which may impact our financial condition and reputation.",The financial statements of FY 1980 and FY 1981.,PERSON,gazetteer.sweep+person.hybrid,0.95,83,95,Pushpa Hegde,Atharv Deshmukh
paragraph 455,"We are unable to trace some of our historical corporate records including in relation to certain allotments made by our Company. Further, certain corporate records have errors, and certain corporate filings have been made with delays. We cannot assure you that no legal proceedings or regulatory actions will be initiated against our Company in the future in relation to these matters, which may impact our financial condition and reputation.",,ORGANIZATION,gazetteer.sweep+organization.suffix,0.97,169,184,Kanj and Co LLP,Netherby Winding Logistics LLP
paragraph 456,"We are unable to trace some of our historical corporate records including in relation to certain allotments made by our Company. Further, certain corporate records have errors, and certain corporate filings have been made with delays. We cannot assure you that no legal proceedings or regulatory actions will be initiated against our Company in the future in relation to these matters, which may impact our financial condition and reputation.",,PERSON,gazetteer.sweep+person.hybrid,0.95,73,94,Karunakar N. Bhandary,Vedika T. Keer
paragraph 456,"We are unable to trace some of our historical corporate records including in relation to certain allotments made by our Company. Further, certain corporate records have errors, and certain corporate filings have been made with delays. We cannot assure you that no legal proceedings or regulatory actions will be initiated against our Company in the future in relation to these matters, which may impact our financial condition and reputation.",,PERSON,gazetteer.sweep+person.hybrid,0.95,153,174,Kushal Subbayya Hegde,Samar Sami Barad
paragraph 456,"We are unable to trace some of our historical corporate records including in relation to certain allotments made by our Company. Further, certain corporate records have errors, and certain corporate filings have been made with delays. We cannot assure you that no legal proceedings or regulatory actions will be initiated against our Company in the future in relation to these matters, which may impact our financial condition and reputation.",,PERSON,gazetteer.sweep+person.hybrid,0.95,176,193,Narayna B. Shetty,Arjun G. Contractor
paragraph 456,"We are unable to trace some of our historical corporate records including in relation to certain allotments made by our Company. Further, certain corporate records have errors, and certain corporate filings have been made with delays. We cannot assure you that no legal proceedings or regulatory actions will be initiated against our Company in the future in relation to these matters, which may impact our financial condition and reputation.",,PERSON,gazetteer.sweep+person.hybrid,0.95,198,215,Jayaram N. Shetty,Umang F. Hayer
paragraph 463,Certain sections of this Red Herring Prospectus contain information from the CARE Report which has been commissioned by us and any reliance on such information for making an investment decision in this Offer is subject to inherent risks.,,ORGANIZATION,gazetteer.sweep,0.95,99,103,CARE,NETHERBY
paragraph 463,Certain sections of this Red Herring Prospectus contain information from the CARE Report which has been commissioned by us and any reliance on such information for making an investment decision in this Offer is subject to inherent risks.,,ORGANIZATION,gazetteer.sweep,0.95,130,134,CARE,NETHERBY
paragraph 463,Certain sections of this Red Herring Prospectus contain information from the CARE Report which has been commissioned by us and any reliance on such information for making an investment decision in this Offer is subject to inherent risks.,,ORGANIZATION,gazetteer.sweep+organization.suffix,0.97,154,197,Care Analytics and Advisory Private Limited,Netherby Composites Logistics Insulation Private Limited
paragraph 463,Certain sections of this Red Herring Prospectus contain information from the CARE Report which has been commissioned by us and any reliance on such information for making an investment decision in this Offer is subject to inherent risks.,,ORGANIZATION,gazetteer.sweep,0.95,200,217,CareEdge Research,Netherby Composites Logistics Insulation Private Limited
paragraph 463,Certain sections of this Red Herring Prospectus contain information from the CARE Report which has been commissioned by us and any reliance on such information for making an investment decision in this Offer is subject to inherent risks.,,ORGANIZATION,gazetteer.sweep,0.95,287,291,CARE,NETHERBY
paragraph 463,Certain sections of this Red Herring Prospectus contain information from the CARE Report which has been commissioned by us and any reliance on such information for making an investment decision in this Offer is subject to inherent risks.,,ORGANIZATION,gazetteer.sweep,0.95,318,322,CARE,NETHERBY
paragraph 463,Certain sections of this Red Herring Prospectus contain information from the CARE Report which has been commissioned by us and any reliance on such information for making an investment decision in this Offer is subject to inherent risks.,,URL,gazetteer.sweep+url.regex,1.00,376,440,https://kshinternational.com/investor-relations/industry-report/,https://kailash.example/investor-relations/industry-report/
paragraph 487,"Our Company is involved in certain outstanding legal and regulatory proceedings. Any adverse decision in such proceedings may have an adverse effect on our business, financial condition, cash flows and results of operations.",,PERSON,gazetteer.sweep+person.hybrid,0.95,31,52,Kushal Subbayya Hegde,Samar Sami Barad
paragraph 487,"Our Company is involved in certain outstanding legal and regulatory proceedings. Any adverse decision in such proceedings may have an adverse effect on our business, financial condition, cash flows and results of operations.",,PERSON,gazetteer.sweep+person.hybrid,0.95,54,73,Rajesh Kushal Hegde,Noah Deep Palla
paragraph 487,"Our Company is involved in certain outstanding legal and regulatory proceedings. Any adverse decision in such proceedings may have an adverse effect on our business, financial condition, cash flows and results of operations.",,PERSON,gazetteer.sweep+person.hybrid,0.95,75,93,Rohit Kushal Hegde,Kamya Nair Varty
paragraph 487,"Our Company is involved in certain outstanding legal and regulatory proceedings. Any adverse decision in such proceedings may have an adverse effect on our business, financial condition, cash flows and results of operations.",,PERSON,gazetteer.sweep,0.95,98,117,Rakhi Girija Shetty,Chanakya Deep Ramaswamy
paragraph 488,"Our Company is involved in certain outstanding legal and regulatory proceedings. Any adverse decision in such proceedings may have an adverse effect on our business, financial condition, cash flows and results of operations.",,PERSON,gazetteer.sweep+person.hybrid,0.95,30,45,Sandesh Bhagwat,Jagrati Agarwal
paragraph 488,"Our Company is involved in certain outstanding legal and regulatory proceedings. Any adverse decision in such proceedings may have an adverse effect on our business, financial condition, cash flows and results of operations.",,PERSON,gazetteer.sweep+person.hybrid,0.95,52,62,Amod Joshi,Dakshesh Balay
paragraph 488,"Our Company is involved in certain outstanding legal and regulatory proceedings. Any adverse decision in such proceedings may have an adverse effect on our business, financial condition, cash flows and results of operations.",,PERSON,gazetteer.sweep+person.hybrid,0.95,69,86,Sarthak Malvadkar,Jeet Vohra
paragraph 488,"Our Company is involved in certain outstanding legal and regulatory proceedings. Any adverse decision in such proceedings may have an adverse effect on our business, financial condition, cash flows and results of operations.",,PERSON,gazetteer.sweep+person.hybrid,0.95,119,132,Ganesh Prasad,Gauri Shan
paragraph 526,"Under-utilization of our manufacturing capacities and an inability to effectively utilize our manufacturing capacities could have an adverse effect on our business, future prospects and future financial performance.",,ADDRESS,address.anchored+gazetteer.sweep,0.95,50,169,"Plot No. F-223, Supa Parner Industrial Park, Mauje Palve Khurd, Taluka Parner, Dist – Ahmednagar, Maharashtra – 414 301","361, Nandan Heights, Yamuna Path, Devgiri, Anandpura, Sundarpeth, Vikrampur – 737 093, Rajasthan"
paragraph 582,"Our ability to access capital at attractive costs depends on our credit ratings. Non-availability of credit ratings or a poor rating may restrict our access to capital and thereby adversely affect our business, financial conditions, cash flows and results of operations.",,ORGANIZATION,gazetteer.sweep+organization.suffix,0.97,119,139,Care Ratings Limited,Uplandia Polymers Limited
paragraph 617,"We depend on our Individual Promoters, Senior Management, Key Management Personnel and qualified and skilled personnel with technical expertise, and if we are unable to recruit and retain senior management, qualified and skilled personnel, our business and our ability to operate or grow our business maybe adversely affected.",,PERSON,gazetteer.sweep+person.hybrid,0.95,39,60,Kushal Subbayya Hegde,Samar Sami Barad
paragraph 617,"We depend on our Individual Promoters, Senior Management, Key Management Personnel and qualified and skilled personnel with technical expertise, and if we are unable to recruit and retain senior management, qualified and skilled personnel, our business and our ability to operate or grow our business maybe adversely affected.",,PERSON,gazetteer.sweep,0.95,62,81,Pushpa Kushal Hegde,Atharv Agarwal Deshmukh
paragraph 617,"We depend on our Individual Promoters, Senior Management, Key Management Personnel and qualified and skilled personnel with technical expertise, and if we are unable to recruit and retain senior management, qualified and skilled personnel, our business and our ability to operate or grow our business maybe adversely affected.",,PERSON,gazetteer.sweep+person.hybrid,0.95,83,102,Rajesh Kushal Hegde,Noah Deep Palla
paragraph 617,"We depend on our Individual Promoters, Senior Management, Key Management Personnel and qualified and skilled personnel with technical expertise, and if we are unable to recruit and retain senior management, qualified and skilled personnel, our business and our ability to operate or grow our business maybe adversely affected.",,PERSON,gazetteer.sweep+person.hybrid,0.95,104,122,Rohit Kushal Hegde,Kamya Nair Varty
paragraph 617,"We depend on our Individual Promoters, Senior Management, Key Management Personnel and qualified and skilled personnel with technical expertise, and if we are unable to recruit and retain senior management, qualified and skilled personnel, our business and our ability to operate or grow our business maybe adversely affected.",,PERSON,gazetteer.sweep,0.95,127,146,Rakhi Girija Shetty,Chanakya Deep Ramaswamy
paragraph 633,"Apart from two of our Directors, none of our Directors have any prior experience of directorships in listed companies. Post listing of the Equity Shares on the Stock Exchanges, our Company will be subject to the applicable regulatory requirements of a listed company, including regulations prescribed under SEBI Listing Regulations and the Companies Act. Any non-compliance with the regulatory requirements, due to lack of experience or otherwise, may subject us to adverse regulatory actions.",,PERSON,gazetteer.sweep+person.hybrid,0.95,359,381,Dinesh Hirachand Munot,Tara Sane Rastogi
paragraph 633,"Apart from two of our Directors, none of our Directors have any prior experience of directorships in listed companies. Post listing of the Equity Shares on the Stock Exchanges, our Company will be subject to the applicable regulatory requirements of a listed company, including regulations prescribed under SEBI Listing Regulations and the Companies Act. Any non-compliance with the regulatory requirements, due to lack of experience or otherwise, may subject us to adverse regulatory actions.",,PERSON,gazetteer.sweep+person.hybrid,0.95,386,404,Ajay Shriram Patil,Dalbir Comar Narula
paragraph 647,We may be unable to adequately protect intellectual property that we use and may be subject to risks of infringement claims.,,ORGANIZATION,gazetteer.sweep,0.95,15,18,KSH,KAILASH
paragraph 647,We may be unable to adequately protect intellectual property that we use and may be subject to risks of infringement claims.,,ORGANIZATION,gazetteer.sweep+organization.suffix,0.97,70,101,Waterloo Motors Private Limited,Eastmere Analytics Private Limited
paragraph 647,We may be unable to adequately protect intellectual property that we use and may be subject to risks of infringement claims.,,ORGANIZATION,gazetteer.sweep+organization.suffix,0.97,108,155,KSH Project Management Services Private Limited,Trentwood Fabrication Industrial Engineering Private Limited
paragraph 647,We may be unable to adequately protect intellectual property that we use and may be subject to risks of infringement claims.,,ORGANIZATION,gazetteer.sweep,0.95,163,166,KSH,KAILASH
paragraph 647,We may be unable to adequately protect intellectual property that we use and may be subject to risks of infringement claims.,,ORGANIZATION,gazetteer.sweep+organization.suffix,0.97,202,235,KSH Infra Park VI Private Limited,Devaki Power Financial Capital Private Limited
paragraph 647,We may be unable to adequately protect intellectual property that we use and may be subject to risks of infringement claims.,,ORGANIZATION,gazetteer.sweep+organization.suffix,0.97,241,272,KSH Distriparks Private Limited,Stonebridge Power Private Limited
paragraph 647,We may be unable to adequately protect intellectual property that we use and may be subject to risks of infringement claims.,,ORGANIZATION,gazetteer.sweep+organization.suffix,0.97,279,319,KSH Integrated Logistics Private Limited,Alderwick Industrial Polymers Private Limited
paragraph 647,We may be unable to adequately protect intellectual property that we use and may be subject to risks of infringement claims.,,ORGANIZATION,gazetteer.sweep+organization.suffix,0.97,327,372,Kushal Motors and Electricals Private Limited,Harita Conductors Systems Power Private Limited
paragraph 647,We may be unable to adequately protect intellectual property that we use and may be subject to risks of infringement claims.,,ORGANIZATION,gazetteer.sweep+organization.suffix,0.97,381,423,Waterloo Industrial Park I Private Limited,Marlowe Industrial Infrastructure Energy Private Limited
paragraph 647,We may be unable to adequately protect intellectual property that we use and may be subject to risks of infringement claims.,,ORGANIZATION,gazetteer.sweep+organization.suffix,0.97,430,473,Waterloo Industrial Park II Private Limited,Vantage Infrastructure Industrial Consulting Private Limited
paragraph 647,We may be unable to adequately protect intellectual property that we use and may be subject to risks of infringement claims.,,ORGANIZATION,gazetteer.sweep+organization.suffix,0.97,479,523,Waterloo Industrial Park III Private Limited,Rivermead Distriparks Composites Systems Private Limited
paragraph 647,We may be unable to adequately protect intellectual property that we use and may be subject to risks of infringement claims.,,ORGANIZATION,gazetteer.sweep+organization.suffix,0.97,530,573,Waterloo Industrial Park IV Private Limited,Ishaan Insulation Industrial Foundry Private Limited
paragraph 647,We may be unable to adequately protect intellectual property that we use and may be subject to risks of infringement claims.,,ORGANIZATION,gazetteer.sweep+organization.suffix,0.97,581,623,Waterloo Industrial Park V Private Limited,Aravind Insulation Distriparks Winding Private Limited
paragraph 647,We may be unable to adequately protect intellectual property that we use and may be subject to risks of infringement claims.,,ORGANIZATION,gazetteer.sweep+organization.suffix,0.97,632,675,Waterloo Industrial Park VI Private Limited,Girish Capital Systems Financial Private Limited
paragraph 647,We may be unable to adequately protect intellectual property that we use and may be subject to risks of infringement claims.,,ORGANIZATION,gazetteer.sweep+organization.suffix,0.97,683,728,Waterloo Industrial Park VIII Private Limited,Oakhurst Distriparks Fabrication Markets Private Limited
paragraph 647,We may be unable to adequately protect intellectual property that we use and may be subject to risks of infringement claims.,,ORGANIZATION,gazetteer.sweep+organization.suffix,0.97,735,778,Waterloo Industrial Park IX Private Limited,Ironvale Energy Cables Analytics Private Limited
paragraph 647,We may be unable to adequately protect intellectual property that we use and may be subject to risks of infringement claims.,,ORGANIZATION,gazetteer.sweep+organization.suffix,0.97,786,831,Waterloo Industrial Park IX B Private Limited,Granthorpe Infrastructure Winding Distriparks Financial Private Limited
paragraph 647,We may be unable to adequately protect intellectual property that we use and may be subject to risks of infringement claims.,,ORGANIZATION,gazetteer.sweep+organization.suffix,0.97,840,885,Waterloo Industrial Park IX A Private Limited,Mahadev Distriparks Alloys Conductors Foundry Private Limited
paragraph 647,We may be unable to adequately protect intellectual property that we use and may be subject to risks of infringement claims.,,ORGANIZATION,gazetteer.sweep+organization.suffix,0.97,899,932,KSH Infra Park IV Private Limited,Larkfield Infrastructure Magnetics Alloys Private Limited
paragraph 647,We may be unable to adequately protect intellectual property that we use and may be subject to risks of infringement claims.,,ORGANIZATION,gazetteer.sweep,0.95,1165,1168,KSH,KAILASH
paragraph 647,We may be unable to adequately protect intellectual property that we use and may be subject to risks of infringement claims.,,ORGANIZATION,gazetteer.sweep,0.95,1263,1266,KSH,KAILASH
paragraph 647,We may be unable to adequately protect intellectual property that we use and may be subject to risks of infringement claims.,,ORGANIZATION,gazetteer.sweep,0.95,1428,1431,KSH,KAILASH
paragraph 685,"The disclosures related to the educational qualifications of certain of our Promoters in this Red Herring Prospectus are based on declarations, affidavits, and undertakings furnished by them.",,PERSON,gazetteer.sweep+person.hybrid,0.95,47,68,Kushal Subbayya Hegde,Samar Sami Barad
paragraph 685,"The disclosures related to the educational qualifications of certain of our Promoters in this Red Herring Prospectus are based on declarations, affidavits, and undertakings furnished by them.",,PERSON,gazetteer.sweep,0.95,88,100,Pushpa Hegde,Atharv Deshmukh
"table 69, row 1, col 1",SECTION III – INTRODUCTION THE OFFER,Promoter Selling Shareholder,PERSON,gazetteer.sweep+person.hybrid,0.95,0,21,Kushal Subbayya Hegde,Samar Sami Barad
"table 69, row 2, col 1",SECTION III – INTRODUCTION THE OFFER,Promoter Selling Shareholder,PERSON,gazetteer.sweep,0.95,0,19,Pushpa Kushal Hegde,Atharv Agarwal Deshmukh
"table 69, row 3, col 1",SECTION III – INTRODUCTION THE OFFER,Promoter Selling Shareholder,PERSON,gazetteer.sweep+person.hybrid,0.95,0,19,Rajesh Kushal Hegde,Noah Deep Palla
"table 69, row 4, col 1",SECTION III – INTRODUCTION THE OFFER,Promoter Selling Shareholder,PERSON,gazetteer.sweep+person.hybrid,0.95,0,18,Rohit Kushal Hegde,Kamya Nair Varty
paragraph 718,Registered Office of our Company KSH International Limited,,ORGANIZATION,gazetteer.sweep+organization.suffix,0.97,33,58,KSH International Limited,Kailash Cables Limited
paragraph 720,Registered Office of our Company KSH International Limited,,ADDRESS,address.anchored+gazetteer.sweep,0.95,0,14,Pune – 410 501,"98, Vasant House, Udaynagar – 678 789"
paragraph 723,Corporate Office of our Company KSH International Limited,,ORGANIZATION,gazetteer.sweep+organization.suffix,0.97,32,57,KSH International Limited,Kailash Cables Limited
paragraph 725,Corporate Office of our Company KSH International Limited,,ADDRESS,address.anchored+gazetteer.sweep,0.95,0,31,"Pune 411 045 Maharashtra, India","71, Indira Plaza, Navsari - 529 571, Telangana, India"
paragraph 728,Company registration number and corporate identity number,,NATIONAL_ID,gazetteer.sweep+national_id.rules,1.00,27,48,U28129PN1979PLC141032,U21086MP1992HAD368697
paragraph 732,"Registrar of Companies, Maharashtra at Pune",,ADDRESS,address.anchored+gazetteer.sweep,0.95,0,117,"PCNTDA Green Building Block A 1st and 2nd floor Near Akurdi Railway Station Akurdi, Pune – 411 044 Maharashtra, India","101, Vasant Plaza, Ratna Lane, Navsari – 560 050, Karnataka, India"
"table 70, row 1, col 0",Board of Directors of our Company,Name,PERSON,gazetteer.sweep+person.hybrid,1.00,0,21,Kushal Subbayya Hegde,Samar Sami Barad
"table 70, row 1, col 2",Board of Directors of our Company,DIN,NATIONAL_ID,gazetteer.sweep+national_id.rules,1.00,0,8,00135070,44634548
"table 70, row 1, col 3",Board of Directors of our Company,Address,ADDRESS,address.anchored+gazetteer.sweep,1.00,0,161,"S. no. 245/ 104, Pushpakamal, Deccan Gymkhana Society, lane no. 3 Prabhat Road, opposite PYC basketball court, Deccan Gymkhana, Pune – 411 004 Maharashtra, India","213, Meera Residency, Ganga Avenue, Vidyapeeth, Devgiri, Shantivan, Jamnagar – 181 234, Gujarat, India"
"table 70, row 2, col 0",Board of Directors of our Company,Name,PERSON,gazetteer.sweep+person.hybrid,1.00,0,19,Rajesh Kushal Hegde,Noah Deep Palla
"table 70, row 2, col 2",Board of Directors of our Company,DIN,NATIONAL_ID,gazetteer.sweep+national_id.rules,1.00,0,8,00114193,88899121
"table 70, row 2, col 3",Board of Directors of our Company,Address,ADDRESS,address.anchored+gazetteer.sweep,1.00,0,103,"12 Buena Monte, NCL co-operative housing society, Panchvati, Pashan, Pune – 411 008, Maharashtra, India","479, Ganga Plaza, Lakshmi Road, Rajgad Colony, Kalpataru Nagar, Tarunagar, Kalyanpur – 169 441, Rajasthan, India"
"table 70, row 3, col 0",Board of Directors of our Company,Name,PERSON,gazetteer.sweep+person.hybrid,1.00,0,18,Rohit Kushal Hegde,Kamya Nair Varty
"table 70, row 3, col 2",Board of Directors of our Company,DIN,NATIONAL_ID,gazetteer.sweep+national_id.rules,1.00,0,8,00134926,82067006
"table 70, row 3, col 3",Board of Directors of our Company,Address,ADDRESS,address.anchored+gazetteer.sweep,1.00,0,141,"Pushpakamal Apartment, Flat – 1, S. no. 245/ 104, Prabhat Road Lane no. 3, Shivaji Nagar, Deccan Gymkhana, Pune – 411 004, Maharashtra, India","176, Hemant Plaza, Meera Road, Rajgad Colony, Chitrakoot, Hirapur, Kalpataru Nagar, Balbhadra – 580 911, Rajasthan, India"
"table 70, row 4, col 0",Board of Directors of our Company,Name,PERSON,gazetteer.sweep+person.hybrid,1.00,0,19,Rakhi Girija Shetty,Chanakya Deep Ramaswamy
"table 70, row 4, col 2",Board of Directors of our Company,DIN,NATIONAL_ID,gazetteer.sweep+national_id.rules,1.00,0,8,03124510,37235989
"table 70, row 4, col 3",Board of Directors of our Company,Address,ADDRESS,address.anchored+gazetteer.sweep,1.00,0,173,"S. no. 245/ 104, Pushpakamal, Deccan Gymkhana Society, lane no.
3 Prabhat Road, opposite PYC basketball court, Erandawane, Deccan Gymkhana, Pune – 411 004 Maharashtra, India","286, Tulsi Towers, Dhruv Avenue, Tarunagar, Hirapur, Navrangwadi, Jalvihar, Jamnagar – 270 722, Karnataka, India"
"table 70, row 5, col 0",Board of Directors of our Company,Name,PERSON,gazetteer.sweep+person.hybrid,1.00,0,22,Dinesh Hirachand Munot,Tara Sane Rastogi
"table 70, row 5, col 2",Board of Directors of our Company,DIN,NATIONAL_ID,gazetteer.sweep+national_id.rules,1.00,0,8,00049801,38466951
"table 70, row 5, col 3",Board of Directors of our Company,Address,ADDRESS,address.anchored+gazetteer.sweep,1.00,0,120,"Pratik Bunglow, Senapati Bapat Road, behind Sahara Hotel, Shivajinagar, Model Colony, Pune – 411 016, Maharashtra, India","32, Vasant Chambers, Ashok Lane, Chitrakoot, Indrayani Nagar, Devgiri, Navsari – 541 749, Telangana, India"
"table 70, row 6, col 0",Board of Directors of our Company,Name,PERSON,gazetteer.sweep+person.hybrid,1.00,0,18,Ajay Shriram Patil,Dalbir Comar Narula
"table 70, row 6, col 2",Board of Directors of our Company,DIN,NATIONAL_ID,gazetteer.sweep+national_id.rules,1.00,0,8,01217000,12309677
"table 70, row 6, col 3",Board of Directors of our Company,Address,ADDRESS,address.anchored+gazetteer.sweep,1.00,0,102,"602, Gopalkrupa Apartment, Bhonde colony, Prabhat Road, Erandawane, Pune – 411 004, Maharashtra, India","201, Ashok House, Indira Lane, Vidyapeeth, Chitrakoot, Gokhalewadi, Indrayani Nagar, Navsari – 155 670, Karnataka, India"
"table 70, row 7, col 0",Board of Directors of our Company,Name,PERSON,gazetteer.sweep+person.hybrid,1.00,0,16,Ram Kumar Tiwari,Benjamin Randhawa Verma
"table 70, row 7, col 2",Board of Directors of our Company,DIN,NATIONAL_ID,gazetteer.sweep+national_id.rules,1.00,0,8,10938958,90790121
"table 70, row 7, col 3",Board of Directors of our Company,Address,ADDRESS,address.anchored+gazetteer.sweep,1.00,0,91,"A-259, JK Road, Minal Residency, Huzur, Govindpura, Bhopal – 462 023, Madhya Pradesh, India","486, Chandra Towers, Indira Avenue, Shantivan, Gokhalewadi, Indrayani Nagar, Kalyanpur – 521 652, Karnataka, India"
"table 70, row 8, col 0",Board of Directors of our Company,Name,PERSON,gazetteer.sweep+person.hybrid,1.00,0,10,Indu Jacob,Praneel Gupta
"table 70, row 8, col 2",Board of Directors of our Company,DIN,NATIONAL_ID,gazetteer.sweep+national_id.rules,1.00,0,8,05293084,68637282
"table 70, row 8, col 3",Board of Directors of our Company,Address,ADDRESS,address.anchored+gazetteer.sweep,1.00,0,74,"A29, Abhimanshree Society, Pashan Road, Pune – 411 008, Maharashtra, India","66, Vasant Apartments, Dhruv Road, Gokhalewadi, Vidyapeeth, Udaynagar – 323 650, Telangana, India"
paragraph 741,Company Secretary and Compliance Officer,,PERSON,gazetteer.sweep+person.hybrid,0.95,0,17,Sarthak Malvadkar,Jeet Vohra
paragraph 742,Company Secretary and Compliance Officer,,ADDRESS,address.anchored+gazetteer.sweep,0.95,0,36,"Taluka Khed, District Pune – 410 501","377, Ganga Heights, Jamnagar – 586 388"
paragraph 744,Company Secretary and Compliance Officer,,PHONE,phone.pattern,1.00,11,27,+ 91 20 45053237,+ 91 54 70310756
paragraph 745,Company Secretary and Compliance Officer,,EMAIL,email.regex+gazetteer.sweep,1.00,8,46,Sarthak.malvadkar@kshinterantional.com,jeet.vohra@example.com
paragraph 753,Book Running Lead Managers,,ORGANIZATION,gazetteer.sweep+organization.suffix,0.97,0,32,Nuvama Wealth Management Limited,Calderstone Cables Magnetics Limited
paragraph 755,Book Running Lead Managers,,ADDRESS,address.anchored+gazetteer.sweep,0.95,0,48,"Bandra East, Mumbai – 400 051 Maharashtra, India","5, Ganga Heights, Vasant Cross Road, Jamnagar – 680 433, Karnataka, India"
paragraph 756,Book Running Lead Managers,,PHONE,phone.pattern,1.00,11,26,+91 22 40094400,+91 86 12873405
paragraph 756,Book Running Lead Managers,,EMAIL,email.regex+gazetteer.sweep,1.00,34,52,ksh.ipo@nuvama.com,kailash.ipo@example.com
paragraph 756,Book Running Lead Managers,,URL,gazetteer.sweep+url.regex,1.00,62,76,www.nuvama.com,www.calderstone.example
paragraph 757,Book Running Lead Managers,,EMAIL,email.regex+gazetteer.sweep,1.00,27,56,customerservice.mb@nuvama.com,customerservice.mb@example.com
paragraph 758,Book Running Lead Managers,,PERSON,gazetteer.sweep+person.hybrid,0.98,16,27,Lokesh Shah,Janaki Sawhney
paragraph 758,Book Running Lead Managers,,PERSON,gazetteer.sweep+person.hybrid,0.98,29,43,Soumavo Sarkar,Darpan Narayanan
paragraph 759,Book Running Lead Managers,,NATIONAL_ID,gazetteer.sweep+national_id.rules,1.00,23,35,INM000013004,ORK366788404
paragraph 761,Book Running Lead Managers,,ORGANIZATION,gazetteer.sweep+organization.suffix,0.97,0,24,ICICI Securities Limited,Brightvale Wealth Limited
paragraph 761,Book Running Lead Managers,,ADDRESS,address.anchored+gazetteer.sweep,0.95,25,115,"ICICI Venture House Appasaheb Marathe Marg Prabhadevi, Mumbai – 400 025 Maharashtra, India","50, Bhagat House, Prakash Marg, Shivgarh – 311 916, Telangana, India"
paragraph 762,Book Running Lead Managers,,PHONE,phone.pattern,1.00,11,27,+91 22 6807 7100,+91 45 2456 6350
paragraph 762,Book Running Lead Managers,,EMAIL,email.regex+gazetteer.sweep,1.00,35,58,ksh@icicisecurities.com,kailash@example.com
paragraph 762,Book Running Lead Managers,,URL,gazetteer.sweep+url.regex,1.00,68,91,www.icicisecurities.com,www.zephyrline.example
paragraph 762,Book Running Lead Managers,,EMAIL,email.regex+gazetteer.sweep,1.00,119,151,customercare@icicisecurities.com,customercare@example.com
paragraph 763,Book Running Lead Managers,,PERSON,gazetteer.sweep+person.hybrid,0.98,16,30,Kishan Rastogi,Janaki Dara
paragraph 763,Book Running Lead Managers,,PERSON,gazetteer.sweep+person.hybrid,0.98,31,44,Abhijit Diwan,Oeshi Deep
paragraph 764,Book Running Lead Managers,,NATIONAL_ID,gazetteer.sweep+national_id.rules,1.00,23,35,INM000011179,SES564177892
paragraph 775,Syndicate Members,,ORGANIZATION,gazetteer.sweep+organization.suffix,0.97,0,32,Nuvama Wealth Management Limited,Calderstone Cables Magnetics Limited
paragraph 777,Syndicate Members,,ADDRESS,address.anchored+gazetteer.sweep,0.95,0,48,"Bandra Kurla Complex, Bandra East Mumbai 400 051","178, Lakshmi Society, Kalyanpur - 588 545"
paragraph 779,Syndicate Members,,PHONE,phone.pattern,1.00,11,28,+ 91 22 4009 4400,+ 91 22 2219 9050
paragraph 780,Syndicate Members,,EMAIL,email.regex+gazetteer.sweep,1.00,7,25,ksh.ipo@nuvama.com,kailash.ipo@example.com
paragraph 780,Syndicate Members,,EMAIL,email.regex+gazetteer.sweep,1.00,27,53,prakash.boricha@nuvama.com,lakshmi.baral@example.com
paragraph 780,Syndicate Members,,EMAIL,email.regex+gazetteer.sweep,1.00,59,83,sheetal.parab@nuvama.com,nitesh.doshi@example.com
paragraph 781,Syndicate Members,,URL,gazetteer.sweep+url.regex,1.00,9,23,www.nuvama.com,www.calderstone.example
paragraph 782,Syndicate Members,,PERSON,gazetteer.sweep+person.hybrid,0.98,16,31,Prakash Boricha,Lakshmi Baral
paragraph 783,Syndicate Members,,NATIONAL_ID,gazetteer.sweep+national_id.rules,1.00,26,38,INZ000166136,VXC886641213
paragraph 785,Syndicate Members,,ORGANIZATION,gazetteer.sweep+organization.suffix,0.97,0,24,ICICI Securities Limited,Brightvale Wealth Limited
paragraph 785,Syndicate Members,,ADDRESS,address.anchored+gazetteer.sweep,0.95,25,115,"ICICI Venture House Appasaheb Marathe Marg Prabhadevi, Mumbai – 400 025 Maharashtra, India","50, Bhagat House, Prakash Marg, Shivgarh – 311 916, Telangana, India"
paragraph 786,Syndicate Members,,PHONE,phone.pattern,1.00,11,27,+91 22 6807 7100,+91 45 2456 6350
paragraph 786,Syndicate Members,,EMAIL,email.regex+gazetteer.sweep,1.00,35,58,ksh@icicisecurities.com,kailash@example.com
paragraph 786,Syndicate Members,,URL,gazetteer.sweep+url.regex,1.00,68,91,www.icicisecurities.com,www.zephyrline.example
paragraph 787,Syndicate Members,,EMAIL,email.regex+gazetteer.sweep,1.00,27,59,customercare@icicisecurities.com,customercare@example.com
paragraph 788,Syndicate Members,,PERSON,gazetteer.sweep+person.hybrid,0.98,16,30,Kishan Rastogi,Janaki Dara
paragraph 788,Syndicate Members,,PERSON,gazetteer.sweep+person.hybrid,0.98,31,44,Abhijit Diwan,Oeshi Deep
paragraph 790,Syndicate Members,,NATIONAL_ID,gazetteer.sweep+national_id.rules,1.00,23,35,INM000011179,SES564177892
paragraph 794,Legal Counsel to our Company as to Indian Law Trilegal,,ADDRESS,address.anchored+gazetteer.sweep,0.95,0,56,"Senapati Bapat Marg, Lower Parel (West) Mumbai – 400 013","390, Vasant Heights, Shivgarh – 195 239"
paragraph 796,Legal Counsel to our Company as to Indian Law Trilegal,,EMAIL,email.regex+gazetteer.sweep,1.00,7,23,ipo@trilegal.com,ipo@example.com
paragraph 797,Legal Counsel to our Company as to Indian Law Trilegal,,PHONE,phone.pattern,1.00,11,27,+91 22 4079 1000,+91 61 2521 1766
paragraph 800,Registrar to the Offer,,ORGANIZATION,gazetteer.sweep+organization.suffix,0.97,0,33,MUFG Intime India Private Limited,Thornleigh Magnetics Fabrication Private Limited
paragraph 800,Registrar to the Offer,,ORGANIZATION,gazetteer.sweep+organization.suffix,0.97,44,77,Link Intime India Private Limited,Lavanya Energy Renewables Private Limited
paragraph 801,Registrar to the Offer,,ADDRESS,address.anchored+gazetteer.sweep,0.95,0,74,"1st Floor, L B S Marg, Vikhroli (West) Mumbai 400083, (Maharashtra), India","110, Vasant Plaza, Lakshmi Cross Road, Shantivan, Meharpur - 851930, Rajasthan, India"
paragraph 801,Registrar to the Offer,,PHONE,phone.pattern,1.00,86,101,+91 81081 14949,+91 96185 43063
paragraph 802,Registrar to the Offer,,EMAIL,email.regex+gazetteer.sweep,1.00,8,45,kshinternational.ipo@in.mpms.mufg.com,chopra.ipo@example.com
paragraph 803,Registrar to the Offer,,EMAIL,email.regex+gazetteer.sweep,1.00,27,64,kshinternational.ipo@in.mpms.mufg.com,chopra.ipo@example.com
paragraph 804,Registrar to the Offer,,URL,gazetteer.sweep+url.regex,1.00,9,29,www.in.mpms.mufg.com,www.chandrika.example
paragraph 804,Registrar to the Offer,,PERSON,gazetteer.sweep+person.hybrid,0.95,46,66,Shanti Gopalkrishnan,Balveer Suresh
paragraph 804,Registrar to the Offer,,NATIONAL_ID,gazetteer.sweep+national_id.rules,1.00,90,102,INR000004058,TST664222072
paragraph 806,Registrar to the Offer,,NATIONAL_ID,gazetteer.sweep+national_id.rules,1.00,5,26,U67190MH1999PTC118368,U92422DD1988JYQ846745
paragraph 807,Registrar to the Offer,,ORGANIZATION,gazetteer.sweep+organization.suffix,0.97,44,61,HDFC Bank Limited,Fairholt Precision Limited
paragraph 808,Registrar to the Offer,,ORGANIZATION,gazetteer.sweep+organization.suffix,0.97,0,17,HDFC Bank Limited,Fairholt Precision Limited
paragraph 809,Registrar to the Offer,,ADDRESS,address.anchored+gazetteer.sweep,0.95,0,89,"Next to Kanjurmarg Railway Station, Kanjurmarg (East) Mumbai – 400042, Maharashtra, India","140, Ganga Towers, Dhruv Road, Chitrakoot, Rampur – 746545, Madhya Pradesh, India"
paragraph 810,Registrar to the Offer,,PHONE,phone.pattern,1.00,11,26,+91 22 30752929,+91 91 05572288
paragraph 810,Registrar to the Offer,,PHONE,phone.pattern,1.00,28,43,+91 22 30752928,+91 49 33905239
paragraph 810,Registrar to the Offer,,PHONE,phone.pattern,0.97,48,63,+91 22 30752914,+91 93 87102754
paragraph 811,Registrar to the Offer,,EMAIL,email.regex+gazetteer.sweep,1.00,7,36,siddharth.jadhav@hdfcbank.com,sneha.rama@example.com
paragraph 811,Registrar to the Offer,,EMAIL,email.regex+gazetteer.sweep,1.00,38,64,sachin.gawade@hdfcbank.com,advika.sastry@example.com
paragraph 811,Registrar to the Offer,,EMAIL,email.regex+gazetteer.sweep,1.00,65,88,eric.bacha@hdfcbank.com,krish.manda@example.com
paragraph 811,Registrar to the Offer,,EMAIL,email.regex+gazetteer.sweep,1.00,90,118,tushar.gavankar@hdfcbank.com,abdul.hegde@example.com
paragraph 811,Registrar to the Offer,,EMAIL,email.regex+gazetteer.sweep,1.00,124,149,pravin.teli2@hdfcbank.com,ucchal.chakraborty@example.com
paragraph 811,Registrar to the Offer,,URL,gazetteer.sweep+url.regex,1.00,159,175,www.hdfcbank.com,www.bhaskar.example
paragraph 812,Registrar to the Offer,,PERSON,gazetteer.sweep+person.hybrid,0.98,16,26,Eric Bacha,Krish Manda
paragraph 812,Registrar to the Offer,,PERSON,gazetteer.sweep+person.hybrid,0.98,28,41,Sachin Gawade,Advika Sastry
paragraph 812,Registrar to the Offer,,PERSON,gazetteer.sweep+person.hybrid,0.98,43,54,Pravin Teli,Ucchal Kamdar
paragraph 812,Registrar to the Offer,,PERSON,gazetteer.sweep+person.hybrid,0.98,56,72,Siddharth Jadhav,Sneha Rama
paragraph 812,Registrar to the Offer,,PERSON,gazetteer.sweep+person.hybrid,0.98,74,89,Tushar Gavankar,Abdul Hegde
paragraph 814,Registrar to the Offer,,NATIONAL_ID,gazetteer.sweep+national_id.rules,1.00,5,26,L65920MH1994PLC080618,L30136VM1999HRS365737
paragraph 817,ICICI Bank Limited,,ORGANIZATION,gazetteer.sweep+organization.suffix,0.97,0,18,ICICI Bank Limited,Quarryhill Systems Limited
paragraph 819,ICICI Bank Limited,,ADDRESS,address.anchored+gazetteer.sweep,0.95,0,79,"163, 5th Floor, H.T.Parekh Marg Backbay Reclamation Churchgate, Mumbai – 400020","389, Ashok Heights, Kamal Road, Sundarpeth, Udaynagar – 478926"
paragraph 819,ICICI Bank Limited,,PHONE,phone.pattern,1.00,91,103,022-68052182,321-11391381
paragraph 819,ICICI Bank Limited,,EMAIL,email.regex+gazetteer.sweep,1.00,111,131,Ipocmg@icicibank.com,ramaswamy@example.com
paragraph 819,ICICI Bank Limited,,URL,gazetteer.sweep+url.regex,1.00,141,158,www.icicibank.com,www.stonebridge.example
paragraph 819,ICICI Bank Limited,,PERSON,gazetteer.sweep+person.hybrid,0.98,175,186,Varun Badai,Andrew Nagy
paragraph 821,ICICI Bank Limited,,NATIONAL_ID,gazetteer.sweep+national_id.rules,1.00,5,26,L65190GJ1994PLC021012,L76966PE1983KOP108580
paragraph 823,HDFC Bank Limited,,ORGANIZATION,gazetteer.sweep+organization.suffix,0.97,0,17,HDFC Bank Limited,Fairholt Precision Limited
paragraph 824,HDFC Bank Limited,,ORGANIZATION,gazetteer.sweep+organization.suffix,0.97,0,17,HDFC Bank Limited,Fairholt Precision Limited
paragraph 825,HDFC Bank Limited,,ADDRESS,address.anchored+gazetteer.sweep,0.95,0,89,"Next to Kanjurmarg Railway Station, Kanjurmarg (East) Mumbai – 400042, Maharashtra, India","140, Ganga Towers, Dhruv Road, Chitrakoot, Rampur – 746545, Madhya Pradesh, India"
paragraph 826,HDFC Bank Limited,,PHONE,phone.pattern,1.00,11,26,+91 22 30752929,+91 91 05572288
paragraph 826,HDFC Bank Limited,,PHONE,phone.pattern,1.00,28,43,+91 22 30752928,+91 49 33905239
paragraph 826,HDFC Bank Limited,,PHONE,phone.pattern,0.97,48,63,+91 22 30752914,+91 93 87102754
paragraph 827,HDFC Bank Limited,,EMAIL,email.regex+gazetteer.sweep,1.00,7,36,siddharth.jadhav@hdfcbank.com,sneha.rama@example.com
paragraph 827,HDFC Bank Limited,,EMAIL,email.regex+gazetteer.sweep,1.00,38,64,sachin.gawade@hdfcbank.com,advika.sastry@example.com
paragraph 827,HDFC Bank Limited,,EMAIL,email.regex+gazetteer.sweep,1.00,65,88,eric.bacha@hdfcbank.com,krish.manda@example.com
paragraph 827,HDFC Bank Limited,,EMAIL,email.regex+gazetteer.sweep,1.00,90,118,tushar.gavankar@hdfcbank.com,abdul.hegde@example.com
paragraph 827,HDFC Bank Limited,,EMAIL,email.regex+gazetteer.sweep,1.00,124,149,pravin.teli2@hdfcbank.com,ucchal.chakraborty@example.com
paragraph 827,HDFC Bank Limited,,URL,gazetteer.sweep+url.regex,1.00,159,175,www.hdfcbank.com,www.bhaskar.example
paragraph 828,HDFC Bank Limited,,PERSON,gazetteer.sweep+person.hybrid,0.98,16,26,Eric Bacha,Krish Manda
paragraph 828,HDFC Bank Limited,,PERSON,gazetteer.sweep+person.hybrid,0.98,28,41,Sachin Gawade,Advika Sastry
paragraph 828,HDFC Bank Limited,,PERSON,gazetteer.sweep+person.hybrid,0.98,43,54,Pravin Teli,Ucchal Kamdar
paragraph 828,HDFC Bank Limited,,PERSON,gazetteer.sweep+person.hybrid,0.98,56,72,Siddharth Jadhav,Sneha Rama
paragraph 828,HDFC Bank Limited,,PERSON,gazetteer.sweep+person.hybrid,0.98,74,89,Tushar Gavankar,Abdul Hegde
paragraph 830,HDFC Bank Limited,,NATIONAL_ID,gazetteer.sweep+national_id.rules,1.00,5,26,L65920MH1994PLC080618,L30136VM1999HRS365737
paragraph 833,ICICI Bank Limited,,ORGANIZATION,gazetteer.sweep+organization.suffix,0.97,0,18,ICICI Bank Limited,Quarryhill Systems Limited
paragraph 835,ICICI Bank Limited,,ADDRESS,address.anchored+gazetteer.sweep,0.95,0,79,"163, 5th Floor, H.T.Parekh Marg Backbay Reclamation Churchgate, Mumbai – 400020","389, Ashok Heights, Kamal Road, Sundarpeth, Udaynagar – 478926"
paragraph 835,ICICI Bank Limited,,PHONE,phone.pattern,1.00,91,103,022-68052182,321-11391381
paragraph 835,ICICI Bank Limited,,EMAIL,email.regex+gazetteer.sweep,1.00,111,131,Ipocmg@icicibank.com,ramaswamy@example.com
paragraph 835,ICICI Bank Limited,,URL,gazetteer.sweep+url.regex,1.00,141,158,www.icicibank.com,www.stonebridge.example
paragraph 835,ICICI Bank Limited,,PERSON,gazetteer.sweep+person.hybrid,0.98,175,186,Varun Badai,Andrew Nagy
paragraph 837,ICICI Bank Limited,,NATIONAL_ID,gazetteer.sweep+national_id.rules,1.00,5,26,L65190GJ1994PLC021012,L76966PE1983KOP108580
paragraph 838,HDFC Bank Limited,,ORGANIZATION,gazetteer.sweep+organization.suffix,0.97,0,17,HDFC Bank Limited,Fairholt Precision Limited
paragraph 839,HDFC Bank Limited,,ORGANIZATION,gazetteer.sweep+organization.suffix,0.97,0,17,HDFC Bank Limited,Fairholt Precision Limited
paragraph 840,HDFC Bank Limited,,ADDRESS,address.anchored+gazetteer.sweep,0.95,0,89,"Next to Kanjurmarg Railway Station, Kanjurmarg (East) Mumbai – 400042, Maharashtra, India","140, Ganga Towers, Dhruv Road, Chitrakoot, Rampur – 746545, Madhya Pradesh, India"
paragraph 841,HDFC Bank Limited,,PHONE,phone.pattern,1.00,11,26,+91 22 30752929,+91 91 05572288
paragraph 841,HDFC Bank Limited,,PHONE,phone.pattern,1.00,28,43,+91 22 30752928,+91 49 33905239
paragraph 841,HDFC Bank Limited,,PHONE,phone.pattern,0.97,48,63,+91 22 30752914,+91 93 87102754
paragraph 842,HDFC Bank Limited,,EMAIL,email.regex+gazetteer.sweep,1.00,7,36,siddharth.jadhav@hdfcbank.com,sneha.rama@example.com
paragraph 842,HDFC Bank Limited,,EMAIL,email.regex+gazetteer.sweep,1.00,38,64,sachin.gawade@hdfcbank.com,advika.sastry@example.com
paragraph 842,HDFC Bank Limited,,EMAIL,email.regex+gazetteer.sweep,1.00,65,88,eric.bacha@hdfcbank.com,krish.manda@example.com
paragraph 842,HDFC Bank Limited,,EMAIL,email.regex+gazetteer.sweep,1.00,90,118,tushar.gavankar@hdfcbank.com,abdul.hegde@example.com
paragraph 842,HDFC Bank Limited,,EMAIL,email.regex+gazetteer.sweep,1.00,124,149,pravin.teli2@hdfcbank.com,ucchal.chakraborty@example.com
paragraph 842,HDFC Bank Limited,,URL,gazetteer.sweep+url.regex,1.00,159,175,www.hdfcbank.com,www.bhaskar.example
paragraph 843,HDFC Bank Limited,,PERSON,gazetteer.sweep+person.hybrid,0.98,16,26,Eric Bacha,Krish Manda
paragraph 843,HDFC Bank Limited,,PERSON,gazetteer.sweep+person.hybrid,0.98,28,41,Sachin Gawade,Advika Sastry
paragraph 843,HDFC Bank Limited,,PERSON,gazetteer.sweep+person.hybrid,0.98,43,54,Pravin Teli,Ucchal Kamdar
paragraph 843,HDFC Bank Limited,,PERSON,gazetteer.sweep+person.hybrid,0.98,56,72,Siddharth Jadhav,Sneha Rama
paragraph 843,HDFC Bank Limited,,PERSON,gazetteer.sweep+person.hybrid,0.98,74,89,Tushar Gavankar,Abdul Hegde
paragraph 845,HDFC Bank Limited,,NATIONAL_ID,gazetteer.sweep+national_id.rules,1.00,5,26,L65920MH1994PLC080618,L30136VM1999HRS365737
paragraph 864,Experts,,PERSON,gazetteer.sweep+person.hybrid,0.95,70,94,Lalit Muljibhai Sarvaiya,Amaira Sha Raja
paragraph 865,Experts,,ORGANIZATION,gazetteer.sweep+organization.suffix,0.97,70,84,Kanj & Co. LLP,Ironvale Foundry Projects LLP
paragraph 871,Statutory Auditors to our Company,,ADDRESS,address.anchored+gazetteer.sweep,0.95,0,14,Pune – 411 038,"267, Tulsi Residency, Tarapur – 347 898"
paragraph 873,Statutory Auditors to our Company,,EMAIL,email.regex+gazetteer.sweep,1.00,8,39,parag.pansare@kirtanepandit.com,gunbir.sampath@example.com
paragraph 874,Statutory Auditors to our Company,,PHONE,phone.pattern,1.00,11,30,+ 91 (20) 6729 5100,+ 91 (37) 4081 8751
paragraph 875,Statutory Auditors to our Company,,NATIONAL_ID,gazetteer.sweep+national_id.rules,0.95,26,33,105215W,372599P
paragraph 875,Statutory Auditors to our Company,,NATIONAL_ID,gazetteer.sweep+national_id.rules,0.95,35,42,W100057,Q166512
paragraph 876,Statutory Auditors to our Company,,NATIONAL_ID,gazetteer.sweep+national_id.rules,0.95,20,26,014680,179415
"table 73, row 1, col 0",Changes in Auditors,Particulars,ORGANIZATION,gazetteer.sweep,0.95,0,16,Kirtane & Pandit,Northmoor Capital Foundry
"table 73, row 1, col 0",Changes in Auditors,Particulars,ADDRESS,address.anchored+gazetteer.sweep,0.95,23,136,"Chartered Accountants
5th Floor, Gopal House
Opposite Harshal Hall, above HDFC Limited Karve Road, Pune – 411 038","212, Hemant Society, Jyoti Marg, Jalvihar, Vikrampur – 478 361"
"table 73, row 1, col 0",Changes in Auditors,Particulars,EMAIL,email.regex+gazetteer.sweep,1.00,164,195,parag.pansare@kirtanepandit.com,gunbir.sampath@example.com
"table 73, row 1, col 0",Changes in Auditors,Particulars,PHONE,phone.pattern,1.00,207,224,+ 91 20 6729 5100,+ 91 62 0031 8528
"table 73, row 1, col 0",Changes in Auditors,Particulars,NATIONAL_ID,gazetteer.sweep+national_id.rules,0.95,251,258,105215W,372599P
"table 73, row 1, col 0",Changes in Auditors,Particulars,NATIONAL_ID,gazetteer.sweep+national_id.rules,0.95,260,267,W100057,Q166512
"table 73, row 1, col 0",Changes in Auditors,Particulars,NATIONAL_ID,gazetteer.sweep+national_id.rules,0.95,288,294,014680,179415
"table 73, row 2, col 0",Changes in Auditors,Particulars,ORGANIZATION,gazetteer.sweep+organization.suffix,0.97,0,24,Hingne Tare & Associates,Devaki Projects Systems Associates
"table 73, row 2, col 0",Changes in Auditors,Particulars,ADDRESS,address.anchored+gazetteer.sweep,0.95,25,99,"Flat No. 102, Sai Complex Shaniwar Peth, Pune – 411 030 Maharashtra, India","317, Yamuna Society, Nandan Road, Jalvihar, Meharpur – 563 490, Karnataka, India"
"table 73, row 2, col 0",Changes in Auditors,Particulars,EMAIL,email.regex+gazetteer.sweep,1.00,108,128,hingnetare@gmail.com,dhaliwal@example.com
"table 73, row 2, col 0",Changes in Auditors,Particulars,NATIONAL_ID,gazetteer.sweep+national_id.rules,0.95,155,162,116417W,628519Q
paragraph 886,Bankers to our Company,,ADDRESS,address.anchored+gazetteer.sweep,0.95,0,48,"Koregaon Park, Pune – 411 001 Maharashtra, India","310, Bhagat Residency, Jyoti Cross Road, Kalyanpur – 896 336, Gujarat, India"
paragraph 887,Bankers to our Company,,PHONE,phone.pattern,1.00,11,27,+91 20 6606 4494,+91 79 7228 2456
paragraph 888,Bankers to our Company,,PERSON,gazetteer.sweep+person.hybrid,0.98,16,29,Hitesh Ramani,Zaid Padmanabhan
paragraph 889,Bankers to our Company,,URL,gazetteer.sweep+url.regex,1.00,9,46,http://commercialbanking.citibank.com,http://westhaven.example
paragraph 890,Bankers to our Company,,EMAIL,email.regex+gazetteer.sweep,1.00,7,29,hitesh.ramani@citi.com,zaid.padmanabhan@example.com
paragraph 894,Export-Import Bank of India,,ORGANIZATION,gazetteer.sweep+organization.suffix,0.97,0,27,Export-Import Bank of India,Eastmere Trading Extrusion Markets
paragraph 897,Export-Import Bank of India,,ADDRESS,address.anchored+gazetteer.sweep,0.95,0,84,"Signature Building, Bhandarkar road Shivaji Nagar, Pune – 411 004 Maharashtra, India","483, Prakash Enclave, Bhagat Avenue, Shantivan, Shivgarh – 451 758, Rajasthan, India"
paragraph 898,Export-Import Bank of India,,PHONE,phone.pattern,1.00,11,27,+91 20 2640 3100,+91 38 7063 5251
paragraph 898,Export-Import Bank of India,,PERSON,gazetteer.sweep+person.hybrid,0.98,44,56,Chitra Raste,Sarthak Sachdeva
paragraph 898,Export-Import Bank of India,,URL,gazetteer.sweep+url.regex,1.00,66,87,www.eximbankindia.in/,www.ishaan.example/
paragraph 898,Export-Import Bank of India,,EMAIL,email.regex+gazetteer.sweep,1.00,95,115,pro@eximbankindia.in,pro@example.com
paragraph 902,Export-Import Bank of India,,ORGANIZATION,gazetteer.sweep+organization.suffix,0.97,0,21,IndusInd Bank Limited,Westhaven Metals Limited
paragraph 903,Export-Import Bank of India,,ADDRESS,address.anchored+gazetteer.sweep,0.95,0,14,Pune – 411 001,"49, Hemant Society, Meharpur – 291 445"
paragraph 905,Export-Import Bank of India,,PHONE,phone.pattern,1.00,11,26,+91-20-26234000,+91-35-87717072
paragraph 905,Export-Import Bank of India,,PERSON,gazetteer.sweep+person.hybrid,0.98,43,57,Sharmila Joshi,Mekhala Sibal
paragraph 905,Export-Import Bank of India,,URL,gazetteer.sweep+url.regex,1.00,67,84,www.indusind.com/,www.chandrika.example/
paragraph 905,Export-Import Bank of India,,EMAIL,email.regex+gazetteer.sweep,1.00,92,119,sharmila.joshi@indusind.com,mekhala.balay@example.com
paragraph 907,ICICI Bank Limited,,ORGANIZATION,gazetteer.sweep+organization.suffix,0.97,0,18,ICICI Bank Limited,Quarryhill Systems Limited
paragraph 908,ICICI Bank Limited,,ORGANIZATION,gazetteer.sweep+organization.suffix,0.97,0,10,ICICI Bank,Quarryhill Systems
paragraph 909,ICICI Bank Limited,,ADDRESS,address.anchored+gazetteer.sweep,0.95,0,51,"Bund Garden Road, Pune – 411 001 Maharashtra, India","181, Ratna Society, Chandra Avenue, Tarapur – 189 417, Madhya Pradesh, India"
paragraph 910,ICICI Bank Limited,,PHONE,phone.pattern,1.00,11,26,+ 91 8879770456,+ 91 9124316374
paragraph 910,ICICI Bank Limited,,PERSON,gazetteer.sweep+person.hybrid,0.98,43,55,Cherag Gyara,Niharika Boase
paragraph 910,ICICI Bank Limited,,URL,gazetteer.sweep+url.regex,1.00,65,82,www.icicibank.com,www.stonebridge.example
paragraph 910,ICICI Bank Limited,,EMAIL,email.regex+gazetteer.sweep,1.00,90,116,cherag.gyara@icicibank.com,niharika.boase@example.com
paragraph 912,HDFC Bank Limited,,ORGANIZATION,gazetteer.sweep+organization.suffix,0.97,0,17,HDFC Bank Limited,Fairholt Precision Limited
paragraph 914,HDFC Bank Limited,,ADDRESS,address.anchored+gazetteer.sweep,0.95,0,14,Pune – 411 001,"49, Hemant Society, Meharpur – 291 445"
paragraph 916,HDFC Bank Limited,,PHONE,phone.pattern,1.00,11,27,+91 20 6769 4648,+91 93 6592 0109
paragraph 916,HDFC Bank Limited,,PERSON,gazetteer.sweep+person.hybrid,0.98,44,58,Manisha Shukla,Vedika Oak
paragraph 916,HDFC Bank Limited,,URL,gazetteer.sweep+url.regex,1.00,68,84,www.hdfcbank.com,www.bhaskar.example
paragraph 917,HDFC Bank Limited,,EMAIL,email.regex+gazetteer.sweep,1.00,7,34,manisha.shukla@hdfcbank.com,vedika.oak@example.com
paragraph 919,"State Bank of India, Industrial Finance Branch",,ORGANIZATION,gazetteer.sweep+organization.suffix,0.97,0,19,State Bank of India,Ironvale Industrial Systems Energy
paragraph 921,"State Bank of India, Industrial Finance Branch",,ADDRESS,address.anchored+gazetteer.sweep,0.95,0,14,Pune – 411 003,"100, Prakash Apartments, Navsari – 111 399"
paragraph 923,"State Bank of India, Industrial Finance Branch",,PHONE,phone.pattern,1.00,11,27,+91 20 2561 8211,+91 51 9336 2464
paragraph 923,"State Bank of India, Industrial Finance Branch",,PERSON,gazetteer.sweep+person.hybrid,0.98,44,58,Tushar Wakhele,Udyati Mital
paragraph 923,"State Bank of India, Industrial Finance Branch",,URL,gazetteer.sweep+url.regex,1.00,68,81,www.sbi.co.in,www.westhaven.example
paragraph 924,"State Bank of India, Industrial Finance Branch",,EMAIL,email.regex+gazetteer.sweep,1.00,7,28,rm6.ifbpune@sbi.co.in,rm6.pandey@example.com
paragraph 928,"State Bank of India, Industrial Finance Branch",,ORGANIZATION,gazetteer.sweep+organization.suffix,0.97,4,24,Federal Bank Limited,Kestrelton Automation Limited
paragraph 928,"State Bank of India, Industrial Finance Branch",,PERSON,gazetteer.sweep,0.72,60,68,Sancheti,Parmer
paragraph 929,"State Bank of India, Industrial Finance Branch",,PHONE,phone.pattern,1.00,11,27,+ 91 91586 40360,+ 91 31198 32017
paragraph 930,"State Bank of India, Industrial Finance Branch",,PERSON,gazetteer.sweep+person.hybrid,0.98,16,37,Ashish Mathew Pulloor,Avni Shetty Mistry
paragraph 931,"State Bank of India, Industrial Finance Branch",,URL,gazetteer.sweep+url.regex,1.00,9,30,www.federalbank.co.in,www.harita.example
paragraph 932,"State Bank of India, Industrial Finance Branch",,EMAIL,email.regex+gazetteer.sweep,1.00,7,33,ashishmp@federalbank.co.in,patla@example.com
paragraph 934,Bajaj Finance Limited,,ORGANIZATION,gazetteer.sweep+organization.suffix,0.97,0,21,Bajaj Finance Limited,Oakhurst Automation Limited
paragraph 937,Bajaj Finance Limited,,PHONE,phone.pattern,1.00,11,27,+91 20 7157 6403,+91 95 6122 0207
paragraph 937,Bajaj Finance Limited,,PERSON,gazetteer.sweep+person.hybrid,0.98,44,54,Anand Soni,Pallavi Contractor
paragraph 937,Bajaj Finance Limited,,URL,gazetteer.sweep+url.regex,1.00,64,84,www.bajajfinance.com,www.oakhurst.example
paragraph 937,Bajaj Finance Limited,,EMAIL,email.regex+gazetteer.sweep,1.00,92,118,anand.soni@bajajfinserv.in,pallavi.contractor@example.com
paragraph 945,Monitoring Agency,,ORGANIZATION,gazetteer.sweep+organization.suffix,0.97,137,157,CARE Ratings Limited,Uplandia Polymers Limited
paragraph 956,Securities and Exchange Board of India,,ADDRESS,address.anchored+gazetteer.sweep,0.95,0,69,"Bandra Kurla Complex, Bandra (E) Mumbai – 400 051, Maharashtra, India","449, Tulsi Chambers, Prakash Cross Road, Gokhalewadi, Shivgarh – 561 791, Rajasthan, India"
"table 1, row 7, col 1",KSH INTERNATIONAL LIMITED CORPORATE IDENTITY NUMBER: U28129PN1979PLC141032,"India (“SEBI”), nor does SEBI guarantee the accuracy or adequacy of the contents of this Red Herring Prospectus. Specific attention of the investors is invited to “Risk Factors” on page 28.",ORGANIZATION,gazetteer.sweep,0.95,0,32,Nuvama	Wealth Management Limited,Calderstone Cables Magnetics Limited
"table 1, row 7, col 3",KSH INTERNATIONAL LIMITED CORPORATE IDENTITY NUMBER: U28129PN1979PLC141032,"India (“SEBI”), nor does SEBI guarantee the accuracy or adequacy of the contents of this Red Herring Prospectus. Specific attention of the investors is invited to “Risk Factors” on page 28.",PERSON,gazetteer.sweep,0.95,0,11,Lokesh Shah,Janaki Sawhney
"table 1, row 7, col 3",KSH INTERNATIONAL LIMITED CORPORATE IDENTITY NUMBER: U28129PN1979PLC141032,"India (“SEBI”), nor does SEBI guarantee the accuracy or adequacy of the contents of this Red Herring Prospectus. Specific attention of the investors is invited to “Risk Factors” on page 28.",PERSON,gazetteer.sweep,0.95,13,27,Soumavo Sarkar,Darpan Narayanan
"table 1, row 8, col 1",KSH INTERNATIONAL LIMITED CORPORATE IDENTITY NUMBER: U28129PN1979PLC141032,"India (“SEBI”), nor does SEBI guarantee the accuracy or adequacy of the contents of this Red Herring Prospectus. Specific attention of the investors is invited to “Risk Factors” on page 28.",ORGANIZATION,gazetteer.sweep,0.95,1,25,ICICI	Securities Limited,Brightvale Wealth Limited
"table 4, row 6, col 0",Company Related Terms,Term,ORGANIZATION,gazetteer.sweep,0.95,0,4,CARE,NETHERBY
"table 5, row 7, col 1",Company Related Terms,Description,ORGANIZATION,gazetteer.sweep,0.95,55,58,KSH,KAILASH
"table 5, row 13, col 0",Company Related Terms,Term,ORGANIZATION,gazetteer.sweep,0.95,24,41,CareEdge Research,Netherby Composites Logistics Insulation Private Limited
"table 6, row 14, col 1",Company Related Terms,Description,PERSON,gazetteer.sweep,0.95,46,65,Rakhi Girija Shetty,Chanakya Deep Ramaswamy
paragraph 115,Industry and Market Data,,ORGANIZATION,gazetteer.sweep,0.95,482,486,CARE,NETHERBY
paragraph 115,Industry and Market Data,,ORGANIZATION,gazetteer.sweep,0.95,1339,1343,CARE,NETHERBY
paragraph 125,Currency and Units of Presentation,,ORGANIZATION,gazetteer.sweep,0.95,84,88,CARE,NETHERBY
paragraph 158,Primary business of our Company,,ORGANIZATION,gazetteer.sweep,0.95,127,131,CARE,NETHERBY
paragraph 158,Primary business of our Company,,ORGANIZATION,gazetteer.sweep,0.95,261,265,CARE,NETHERBY
paragraph 162,Summary of industry in which our Company operates,,ORGANIZATION,gazetteer.sweep,0.95,11,15,CARE,NETHERBY
"table 23, row 7, col 1","Aggregate pre-Offer and post-Offer shareholding of our Promoters, the members of our Promoter Group, the Promoter Selling Shareholders of our Company",Name of the Shareholder,PERSON,gazetteer.sweep,0.95,0,19,Rakhi Girija Shetty,Chanakya Deep Ramaswamy
"table 25, row 8, col 0","Aggregate pre-Offer and post-Offer shareholding of our Promoters, members of our Promoter Group and the additional top 10 Shareholders of our Company",Name,ORGANIZATION,gazetteer.sweep,0.95,0,20,Everest	Family Trust,Sunmantle Family Trust
"table 25, row 9, col 0","Aggregate pre-Offer and post-Offer shareholding of our Promoters, members of our Promoter Group and the additional top 10 Shareholders of our Company",Name,ORGANIZATION,gazetteer.sweep,0.95,0,19,Makalu	Family Trust,Moonscarp Family Trust
"table 31, row 2, col 1",Summary of related party transactions,Name of related party with whom transactions have taken place,ORGANIZATION,gazetteer.sweep,0.95,0,15,Waterloo Motors,Eastmere Analytics
"table 31, row 3, col 1",Summary of related party transactions,Name of related party with whom transactions have taken place,ORGANIZATION,gazetteer.sweep,0.95,0,31,"KSH
Distriparks
Private Limited",Stonebridge Power Private Limited
"table 31, row 5, col 1",Summary of related party transactions,Name of related party with whom transactions have taken place,ORGANIZATION,gazetteer.sweep,0.95,0,3,KSH,KAILASH
"table 33, row 4, col 0",Weighted average price at which the specified securities were acquired by our Promoter and the Promoter Selling Shareholders in the last one year preceding the date of this Red Herring Prospectus,Name of the Promoter,PERSON,gazetteer.sweep,0.95,0,19,Rakhi Girija Shetty,Chanakya Deep Ramaswamy
"table 35, row 5, col 0",Average cost of acquisition of Equity Shares by our Promoters and the Promoter Selling Shareholders,Name of Promoter,PERSON,gazetteer.sweep,0.95,0,19,Rakhi Girija Shetty,Chanakya Deep Ramaswamy
"table 36, row 3, col 0","Details of price at which specified securities of our Company were acquired by our Promoters, members of the Promoter Group, Promoter Selling Shareholders and Shareholders with the right to nominate Directors or any other special rights in the three years preceding the date of this Red Herring Prospectus",Name of Shareholder,PERSON,gazetteer.sweep,0.95,0,19,Pushpa Kushal Hegde,Atharv Agarwal Deshmukh
"table 36, row 4, col 0","Details of price at which specified securities of our Company were acquired by our Promoters, members of the Promoter Group, Promoter Selling Shareholders and Shareholders with the right to nominate Directors or any other special rights in the three years preceding the date of this Red Herring Prospectus",Name of Shareholder,PERSON,gazetteer.sweep,0.95,0,19,Rajesh Kushal Hegde,Noah Deep Palla
"table 36, row 5, col 0","Details of price at which specified securities of our Company were acquired by our Promoters, members of the Promoter Group, Promoter Selling Shareholders and Shareholders with the right to nominate Directors or any other special rights in the three years preceding the date of this Red Herring Prospectus",Name of Shareholder,PERSON,gazetteer.sweep,0.95,0,18,Rohit Kushal Hegde,Kamya Nair Varty
"table 36, row 6, col 0","Details of price at which specified securities of our Company were acquired by our Promoters, members of the Promoter Group, Promoter Selling Shareholders and Shareholders with the right to nominate Directors or any other special rights in the three years preceding the date of this Red Herring Prospectus",Name of Shareholder,PERSON,gazetteer.sweep,0.95,0,19,Rakhi Girija Shetty,Chanakya Deep Ramaswamy
"table 36, row 7, col 0","Details of price at which specified securities of our Company were acquired by our Promoters, members of the Promoter Group, Promoter Selling Shareholders and Shareholders with the right to nominate Directors or any other special rights in the three years preceding the date of this Red Herring Prospectus",Name of Shareholder,PERSON,gazetteer.sweep,0.95,0,19,Rakhi Girija Shetty,Chanakya Deep Ramaswamy
"table 36, row 17, col 0","Details of price at which specified securities of our Company were acquired by our Promoters, members of the Promoter Group, Promoter Selling Shareholders and Shareholders with the right to nominate Directors or any other special rights in the three years preceding the date of this Red Herring Prospectus",Name of Shareholder,PERSON,gazetteer.sweep,0.95,0,25,Katyayani Balasubramanian,Tarak Parsa
paragraph 373,"Any shortfall in the supply or availability of raw materials including aluminium or copper, which are our primary raw materials (and copper also being our principal raw material), or insulating materials, such as enamel and paper, or an increase in our such material costs, or other input costs, may adversely affect the pricing and supply of our products and have an adverse effect on our business, results of operations and financial condition.",,ORGANIZATION,gazetteer.sweep,0.95,196,200,CARE,NETHERBY
paragraph 397,"Our operations are significantly dependent on our manufacturing facilities. Any unscheduled, unplanned or prolonged disruption, slowdown or shutdown of our manufacturing facilities could have a material adverse effect on our business, financial condition, cash flows and results of operations.",,ORGANIZATION,gazetteer.sweep,0.95,333,350,KSH International,Kailash Cables
paragraph 461,Certain sections of this Red Herring Prospectus contain information from the CARE Report which has been commissioned by us and any reliance on such information for making an investment decision in this Offer is subject to inherent risks.,,ORGANIZATION,gazetteer.sweep,0.95,77,81,CARE,NETHERBY
paragraph 464,Certain sections of this Red Herring Prospectus contain information from the CARE Report which has been commissioned by us and any reliance on such information for making an investment decision in this Offer is subject to inherent risks.,,ORGANIZATION,gazetteer.sweep,0.95,4,8,CARE,NETHERBY
paragraph 464,Certain sections of this Red Herring Prospectus contain information from the CARE Report which has been commissioned by us and any reliance on such information for making an investment decision in this Offer is subject to inherent risks.,,ORGANIZATION,gazetteer.sweep,0.95,218,235,CareEdge Research,Netherby Composites Logistics Insulation Private Limited
paragraph 464,Certain sections of this Red Herring Prospectus contain information from the CARE Report which has been commissioned by us and any reliance on such information for making an investment decision in this Offer is subject to inherent risks.,,ORGANIZATION,gazetteer.sweep,0.95,376,393,CareEdge Research,Netherby Composites Logistics Insulation Private Limited
paragraph 465,Certain sections of this Red Herring Prospectus contain information from the CARE Report which has been commissioned by us and any reliance on such information for making an investment decision in this Offer is subject to inherent risks.,,ORGANIZATION,gazetteer.sweep,0.95,309,313,CARE,NETHERBY
paragraph 466,Certain sections of this Red Herring Prospectus contain information from the CARE Report which has been commissioned by us and any reliance on such information for making an investment decision in this Offer is subject to inherent risks.,,ORGANIZATION,gazetteer.sweep,0.95,42,46,CARE,NETHERBY
paragraph 467,Certain sections of this Red Herring Prospectus contain information from the CARE Report which has been commissioned by us and any reliance on such information for making an investment decision in this Offer is subject to inherent risks.,,ORGANIZATION,gazetteer.sweep,0.95,242,246,CARE,NETHERBY
paragraph 467,Certain sections of this Red Herring Prospectus contain information from the CARE Report which has been commissioned by us and any reliance on such information for making an investment decision in this Offer is subject to inherent risks.,,ORGANIZATION,gazetteer.sweep,0.95,409,413,CARE,NETHERBY
paragraph 467,Certain sections of this Red Herring Prospectus contain information from the CARE Report which has been commissioned by us and any reliance on such information for making an investment decision in this Offer is subject to inherent risks.,,ORGANIZATION,gazetteer.sweep,0.95,557,561,CARE,NETHERBY
paragraph 469,"We operate in a competitive business environment. Failure to compete effectively against our competitors and new entrants to the industry may adversely affect our business, financial condition and results of operations.",,ORGANIZATION,gazetteer.sweep,0.95,470,474,CARE,NETHERBY
paragraph 469,"We operate in a competitive business environment. Failure to compete effectively against our competitors and new entrants to the industry may adversely affect our business, financial condition and results of operations.",,ORGANIZATION,gazetteer.sweep,0.95,1079,1083,CARE,NETHERBY
"table 62, row 1, col 1","Our ability to access capital at attractive costs depends on our credit ratings. Non-availability of credit ratings or a poor rating may restrict our access to capital and thereby adversely affect our business, financial conditions, cash flows and results of operations.",Rating,ORGANIZATION,gazetteer.sweep,0.95,1,5,CARE,NETHERBY
"table 62, row 2, col 1","Our ability to access capital at attractive costs depends on our credit ratings. Non-availability of credit ratings or a poor rating may restrict our access to capital and thereby adversely affect our business, financial conditions, cash flows and results of operations.",Rating,ORGANIZATION,gazetteer.sweep,0.95,1,5,CARE,NETHERBY
"table 62, row 2, col 2","Our ability to access capital at attractive costs depends on our credit ratings. Non-availability of credit ratings or a poor rating may restrict our access to capital and thereby adversely affect our business, financial conditions, cash flows and results of operations.",Outlook,ORGANIZATION,gazetteer.sweep,0.95,8,12,CARE,NETHERBY
"table 62, row 3, col 1","Our ability to access capital at attractive costs depends on our credit ratings. Non-availability of credit ratings or a poor rating may restrict our access to capital and thereby adversely affect our business, financial conditions, cash flows and results of operations.",Rating,ORGANIZATION,gazetteer.sweep,0.95,1,5,CARE,NETHERBY
"table 62, row 4, col 1","Our ability to access capital at attractive costs depends on our credit ratings. Non-availability of credit ratings or a poor rating may restrict our access to capital and thereby adversely affect our business, financial conditions, cash flows and results of operations.",Rating,ORGANIZATION,gazetteer.sweep,0.95,1,5,CARE,NETHERBY
"table 62, row 5, col 1","Our ability to access capital at attractive costs depends on our credit ratings. Non-availability of credit ratings or a poor rating may restrict our access to capital and thereby adversely affect our business, financial conditions, cash flows and results of operations.",Rating,ORGANIZATION,gazetteer.sweep,0.95,1,5,CARE,NETHERBY
"table 62, row 5, col 2","Our ability to access capital at attractive costs depends on our credit ratings. Non-availability of credit ratings or a poor rating may restrict our access to capital and thereby adversely affect our business, financial conditions, cash flows and results of operations.",Outlook,ORGANIZATION,gazetteer.sweep,0.95,8,12,CARE,NETHERBY
"table 62, row 6, col 1","Our ability to access capital at attractive costs depends on our credit ratings. Non-availability of credit ratings or a poor rating may restrict our access to capital and thereby adversely affect our business, financial conditions, cash flows and results of operations.",Rating,ORGANIZATION,gazetteer.sweep,0.95,1,5,CARE,NETHERBY
"table 62, row 7, col 1","Our ability to access capital at attractive costs depends on our credit ratings. Non-availability of credit ratings or a poor rating may restrict our access to capital and thereby adversely affect our business, financial conditions, cash flows and results of operations.",Rating,ORGANIZATION,gazetteer.sweep,0.95,1,5,CARE,NETHERBY
"table 62, row 8, col 1","Our ability to access capital at attractive costs depends on our credit ratings. Non-availability of credit ratings or a poor rating may restrict our access to capital and thereby adversely affect our business, financial conditions, cash flows and results of operations.",Rating,ORGANIZATION,gazetteer.sweep,0.95,1,5,CARE,NETHERBY
"table 62, row 9, col 1","Our ability to access capital at attractive costs depends on our credit ratings. Non-availability of credit ratings or a poor rating may restrict our access to capital and thereby adversely affect our business, financial conditions, cash flows and results of operations.",Rating,ORGANIZATION,gazetteer.sweep,0.95,1,5,CARE,NETHERBY
"table 62, row 9, col 2","Our ability to access capital at attractive costs depends on our credit ratings. Non-availability of credit ratings or a poor rating may restrict our access to capital and thereby adversely affect our business, financial conditions, cash flows and results of operations.",Outlook,ORGANIZATION,gazetteer.sweep,0.95,11,15,CARE,NETHERBY
"table 62, row 10, col 1","Our ability to access capital at attractive costs depends on our credit ratings. Non-availability of credit ratings or a poor rating may restrict our access to capital and thereby adversely affect our business, financial conditions, cash flows and results of operations.",Rating,ORGANIZATION,gazetteer.sweep,0.95,1,5,CARE,NETHERBY
"table 62, row 10, col 2","Our ability to access capital at attractive costs depends on our credit ratings. Non-availability of credit ratings or a poor rating may restrict our access to capital and thereby adversely affect our business, financial conditions, cash flows and results of operations.",Outlook,ORGANIZATION,gazetteer.sweep,0.95,11,15,CARE,NETHERBY
"table 62, row 11, col 1","Our ability to access capital at attractive costs depends on our credit ratings. Non-availability of credit ratings or a poor rating may restrict our access to capital and thereby adversely affect our business, financial conditions, cash flows and results of operations.",Rating,ORGANIZATION,gazetteer.sweep,0.95,1,5,CARE,NETHERBY
paragraph 863,Experts,,ORGANIZATION,gazetteer.sweep,0.95,98,114,Kirtane & Pandit,Northmoor Capital Foundry
paragraph 868,Statutory Auditors to our Company,,ORGANIZATION,gazetteer.sweep,0.95,0,16,Kirtane & Pandit,Northmoor Capital Foundry
